<?xml version="1.0" encoding="UTF-8"?><!-- Copyright C.V.Kimball 2013 --><Tanach xmlns:xsi="http://www.w3.org/2001/XMLSchema-instance" xsi:noNamespaceSchemaLocation="../XSL/Tanach.xsd">
<teiHeader>
  <fileDesc>
    <titleStmt>
      <title level="s" type="uniform">Tanach</title>
      <title level="s" type="uniformhebrew">תנ״ך</title>
      <title level="s" type="main">Unicode/XML Leningrad Codex</title>
      <title level="a" type="main">Amos</title>
      <title level="a" type="mainhebrew">עמוס</title>
      <title level="a" type="filename">Amos</title>
      <editor>Shemu'el ben Ya'akov</editor>
      <editor>Aharon ben-Mosheh ben-Asher</editor>
      <respStmt>
        <resp>Publisher:</resp>
        <name>Christopher V. Kimball</name>
        <name type="email">mail@cvkimball.com</name>
      </respStmt>
    </titleStmt>
    <editionStmt>
      <edition>Unicode/XML Leningrad Codex (UXLC)
        <version>UXLC 1.6</version>
        <date>19 Oct 2022</date>
        <build>26.7</build>
        <buildDateTime>19 Aug 2022 06:58</buildDateTime>
      </edition>
<respStmt>
<resp>WLC2XML[1 Oct 2021] - Transcription from Michigan-Claremont encoding to Unicode with XML markings. See details in notes.</resp>
<resp>ScanReplace/EditWLC[30 Dec 2020] - Edits/removes transcription notes; removes MDs.</resp><resp>ScanReplace/InsertCGJs[29 Dec 2020] - Places CGJ in Jerusalem VUV words and leading metegs.</resp><resp>Updater[20 Jul 2022] - Changes.xml file dated 2020.02.19 . </resp><resp>Updater[20 Jul 2022] - Changes.xml file dated 2020.10.19 . </resp><resp>Updater[20 Jul 2022] - Changes.xml file dated 2021.04.01 . </resp><resp>Updater[20 Jul 2022] - Changes.xml file dated 2021.10.19 . </resp><resp>Updater[20 Jul 2022] - Changes.xml file dated 2022.04.01 . </resp><resp>Updater[20 Jul 2022] - Changes.xml file dated 2022.07.04 . </resp><resp>Updater[20 Jul 2022] - Changes.xml file dated 2022.10.19 . </resp></respStmt>
    </editionStmt>
    <extent>77817</extent>
    <publicationStmt>
      <distributor>Via web site:
        <name>Christopher V. Kimball</name>
        <name type="url">https://www.tanach.us/Tanach.xml</name>
        <name type="email">mail@cvkimball.com</name>
      </distributor>
      <availability status="free">Freely available</availability>
    </publicationStmt>
    <notesStmt>
      <note>The original text file wlc420_ps.txt was provided by the Groves Center. 
The file has the MD5 hash: d31a 6a6e 9afa bf82 272c 2efb 0522 a12e 
and was dated 25 Jan 2016. Six transcription notes (5,7,F) have been moved to the noted character (Lev 11:42.4, Judg 18:30.11, Isa 9.6.1, Ps 80:14.3, Job 38:13.5, Job 38:15.2) to produce the file wlc420_ps_td.txt for conversion to Unicode and XML by the program WLC2XML. The only other changes to the Groves Center text are: The book names in English and Hebrew of the Jewish Publication Society Tanach and book abbreviations from the New Revised Standard Version have been added. MC code 32 added as atnah hafukh by Steve Salisbury, 30 Sep 2021. The atnah hafukh codepoint, x05a2, has been added to the character table; it does not appear in WLC 4.20. </note>
    </notesStmt>
    <sourceDesc>
      <biblItem>
        <title>Hebrew Bible</title>
        <title>Leningrad Codex</title>
        <editor>Shemu'el ben Ya'akov</editor>
        <editor>Aharon ben-Mosheh ben-Asher</editor>
        <edition>Original document</edition>
        <imprint>
          <publisher>Russian National Library (Saltykov-Shchedrin)</publisher>
          <pubPlace>St. Petersburg (Leningrad)</pubPlace>
          <date>1008</date>
        </imprint>
        <idno type="Accession">Firkovich B 19 A</idno>
      </biblItem>
      <biblItem>
        <title>The Leningrad Codex - A Facsimile Edition</title>
        <editor>Freedman, David Noel</editor>
        <editor>Beck, Astrid B.</editor>
        <edition>First</edition>
        <imprint>
          <publisher>Wm. B. Eerdmans Publishing Co.</publisher>
          <pubPlace>Grand Rapids, MI</pubPlace>
          <date>1998</date>
        </imprint>
        <idno type="IBSN">0-8028-3786-7</idno>
      </biblItem>
      <biblItem>
        <title>The Westminster Leningrad Codex</title>
        <editor>Salisbury, Stephen K.</editor>
        <edition>WLC 4.20</edition>
        <imprint>
          <publisher>The J. Alan Groves Center for Advanced Biblical Research ("Groves Center").</publisher>
          <pubPlace>2960 Church Rd.</pubPlace>
          <pubPlace>Glenside, PA 19038</pubPlace>
          <date>25 January 2016</date>
        </imprint>
        <idno type="Unknown"/>
      </biblItem>
    </sourceDesc>
  </fileDesc>
  <encodingDesc>
  </encodingDesc>
  <profileDesc>
    <creation>From WLC 4.20 provided by the Groves Center.</creation>
    <date>25 Jan 2016</date>
    <langUsage>
      <language ident="HE">Hebrew</language>
    </langUsage>
  </profileDesc>
</teiHeader>
<tanach>
  <book>
    <names>
      <name>Amos</name>
      <abbrev>Am</abbrev>
      <number>17</number>
      <filename>Amos</filename>
      <hebrewname>עמוס</hebrewname>
    </names>
    <c n="1">
      <v n="1">
        <w>דִּבְרֵ֣י</w>
        <w>עָמ֔וֹס</w>
        <w>אֲשֶׁר־</w>
        <w>הָיָ֥ה</w>
        <w>בַנֹּקְדִ֖ים</w>
        <w>מִתְּק֑וֹעַ</w>
        <w>אֲשֶׁר֩</w>
        <w>חָזָ֨ה</w>
        <w>עַל־</w>
        <w>יִשְׂרָאֵ֜ל</w>
        <w>בִּימֵ֣י ׀</w>
        <w>עֻזִיָּ֣ה</w>
        <w>מֶֽלֶךְ־</w>
        <w>יְהוּדָ֗ה</w>
        <w>וּבִימֵ֞י</w>
        <w>יָרָבְעָ֤ם</w>
        <w>בֶּן־</w>
        <w>יוֹאָשׁ֙</w>
        <w>מֶ֣לֶךְ</w>
        <w>יִשְׂרָאֵ֔ל</w>
        <w>שְׁנָתַ֖יִם</w>
        <w>לִפְנֵ֥י</w>
        <w>הָרָֽעַשׁ׃</w>
      </v>
      <v n="2">
        <w>וַיֹּאמַ֓ר ׀</w>
        <w>יְהוָה֙</w>
        <w>מִצִיּ֣וֹן</w>
        <w>יִשְׁאָ֔ג</w>
        <w>וּמִירוּשָׁלַ֖͏ִם</w>
        <w>יִתֵּ֣ן</w>
        <w>קוֹל֑וֹ</w>
        <w>וְאָֽבְלוּ֙</w>
        <w>נְא֣וֹת</w>
        <w>הָרֹעִ֔ים</w>
        <w>וְיָבֵ֖שׁ</w>
        <w>רֹ֥אשׁ</w>
        <w>הַכַּרְמֶֽל׃</w>
        <pe/>
      </v>
      <v n="3">
        <w>כֹּ֚ה</w>
        <w>אָמַ֣ר</w>
        <w>יְהוָ֔ה</w>
        <w>עַל־</w>
        <w>שְׁלֹשָׁה֙</w>
        <w>פִּשְׁעֵ֣י</w>
        <w>דַמֶּ֔שֶׂק</w>
        <w>וְעַל־</w>
        <w>אַרְבָּעָ֖ה</w>
        <w>לֹ֣א</w>
        <w>אֲשִׁיבֶ֑נּוּ</w>
        <w>עַל־</w>
        <w>דּוּשָׁ֛ם</w>
        <w>בַּחֲרֻצ֥וֹת</w>
        <w>הַבַּרְזֶ֖ל</w>
        <w>אֶת־</w>
        <w>הַגִּלְעָֽד׃</w>
      </v>
      <v n="4">
        <w>וְשִׁלַּ֥חְתִּי</w>
        <w>אֵ֖שׁ</w>
        <w>בְּבֵ֣ית</w>
        <w>חֲזָאֵ֑ל</w>
        <w>וְאָכְלָ֖ה</w>
        <w>אַרְמְנ֥וֹת</w>
        <w>בֶּן־</w>
        <w>הֲדָֽד׃</w>
      </v>
      <v n="5">
        <w>וְשָֽׁבַרְתִּי֙</w>
        <w>בְּרִ֣יחַ</w>
        <w>דַּמֶּ֔שֶׂק</w>
        <w>וְהִכְרַתִּ֤י</w>
        <w>יוֹשֵׁב֙</w>
        <w>מִבִּקְעַת־</w>
        <w>אָ֔וֶן</w>
        <w>וְתוֹמֵ֥ךְ</w>
        <w>שֵׁ֖בֶט</w>
        <w>מִבֵּ֣ית</w>
        <w>עֶ֑דֶן</w>
        <w>וְגָל֧וּ</w>
        <w>עַם־</w>
        <w>אֲרָ֛ם</w>
        <w>קִ֖ירָה</w>
        <w>אָמַ֥ר</w>
        <w>יְהוָֽה׃</w>
        <pe/>
      </v>
      <v n="6">
        <w>כֹּ֚ה</w>
        <w>אָמַ֣ר</w>
        <w>יְהוָ֔ה</w>
        <w>עַל־</w>
        <w>שְׁלֹשָׁה֙</w>
        <w>פִּשְׁעֵ֣י</w>
        <w>עַזָּ֔ה</w>
        <w>וְעַל־</w>
        <w>אַרְבָּעָ֖ה</w>
        <w>לֹ֣א</w>
        <w>אֲשִׁיבֶ֑נּוּ</w>
        <w>עַל־</w>
        <w>הַגְלוֹתָ֛ם</w>
        <w>גָּל֥וּת</w>
        <w>שְׁלֵמָ֖ה</w>
        <w>לְהַסְגִּ֥יר</w>
        <w>לֶאֱדֽוֹם׃</w>
      </v>
      <v n="7">
        <w>וְשִׁלַּ֥חְתִּי</w>
        <w>אֵ֖שׁ</w>
        <w>בְּחוֹמַ֣ת</w>
        <w>עַזָּ֑ה</w>
        <w>וְאָכְלָ֖ה</w>
        <w>אַרְמְנֹתֶֽיהָ׃</w>
      </v>
      <v n="8">
        <w>וְהִכְרַתִּ֤י</w>
        <w>יוֹשֵׁב֙</w>
        <w>מֵֽאַשְׁדּ֔וֹד</w>
        <w>וְתוֹמֵ֥ךְ</w>
        <w>שֵׁ֖בֶט</w>
        <w>מֵֽאַשְׁקְל֑וֹן</w>
        <w>וַהֲשִׁיב֨וֹתִי</w>
        <w>יָדִ֜י</w>
        <w>עַל־</w>
        <w>עֶקְר֗וֹן</w>
        <w>וְאָֽבְדוּ֙</w>
        <w>שְׁאֵרִ֣ית</w>
        <w>פְּלִשְׁתִּ֔ים</w>
        <w>אָמַ֖ר</w>
        <w>אֲדֹנָ֥י</w>
        <w>יְהוִֽה׃</w>
        <pe/>
      </v>
      <v n="9">
        <w>כֹּ֚ה</w>
        <w>אָמַ֣ר</w>
        <w>יְהוָ֔ה</w>
        <w>עַל־</w>
        <w>שְׁלֹשָׁה֙</w>
        <w>פִּשְׁעֵי־</w>
        <w>צֹ֔ר</w>
        <w>וְעַל־</w>
        <w>אַרְבָּעָ֖ה</w>
        <w>לֹ֣א</w>
        <w>אֲשִׁיבֶ֑נּוּ</w>
        <w>עַֽל־</w>
        <w>הַסְגִּירָ֞ם</w>
        <w>גָּל֤וּת</w>
        <w>שְׁלֵמָה֙</w>
        <w>לֶאֱד֔וֹם</w>
        <w>וְלֹ֥א</w>
        <w>זָכְר֖וּ</w>
        <w>בְּרִ֥ית</w>
        <w>אַחִֽים׃</w>
      </v>
      <v n="10">
        <w>וְשִׁלַּ֥חְתִּי</w>
        <w>אֵ֖שׁ</w>
        <w>בְּח֣וֹמַת</w>
        <w>צֹ֑ר</w>
        <w>וְאָכְלָ֖ה</w>
        <w>אַרְמְנֹתֶֽיהָ׃</w>
        <pe/>
      </v>
      <v n="11">
        <w>כֹּ֚ה</w>
        <w>אָמַ֣ר</w>
        <w>יְהוָ֔ה</w>
        <w>עַל־</w>
        <w>שְׁלֹשָׁה֙</w>
        <w>פִּשְׁעֵ֣י</w>
        <w>אֱד֔וֹם</w>
        <w>וְעַל־</w>
        <w>אַרְבָּעָ֖ה</w>
        <w>לֹ֣א</w>
        <w>אֲשִׁיבֶ֑נּוּ</w>
        <w>עַל־</w>
        <w>רָדְפ֨וֹ</w>
        <w>בַחֶ֤רֶב</w>
        <w>אָחִיו֙</w>
        <w>וְשִׁחֵ֣ת</w>
        <w>רַחֲמָ֔יו</w>
        <w>וַיִּטְרֹ֤ף</w>
        <w>לָעַד֙</w>
        <w>אַפּ֔וֹ</w>
        <w>וְעֶבְרָת֖וֹ</w>
        <w>שְׁמָ֥רָה</w>
        <w>נֶֽצַח׃</w>
      </v>
      <v n="12">
        <w>וְשִׁלַּ֥חְתִּי</w>
        <w>אֵ֖שׁ</w>
        <w>בְּתֵימָ֑ן</w>
        <w>וְאָכְלָ֖ה</w>
        <w>אַרְמְנ֥וֹת</w>
        <w>בָּצְרָֽה׃</w>
        <pe/>
      </v>
      <v n="13">
        <w>כֹּ֚ה</w>
        <w>אָמַ֣ר</w>
        <w>יְהוָ֔ה</w>
        <w>עַל־</w>
        <w>שְׁלֹשָׁה֙</w>
        <w>פִּשְׁעֵ֣י</w>
        <w>בְנֵֽי־</w>
        <w>עַמּ֔וֹן</w>
        <w>וְעַל־</w>
        <w>אַרְבָּעָ֖ה</w>
        <w>לֹ֣א</w>
        <w>אֲשִׁיבֶ֑נּוּ</w>
        <w>עַל־</w>
        <w>בִּקְעָם֙</w>
        <w>הָר֣וֹת</w>
        <w>הַגִּלְעָ֔ד</w>
        <w>לְמַ֖עַן</w>
        <w>הַרְחִ֥יב</w>
        <w>אֶת־</w>
        <w>גְּבוּלָֽם׃</w>
      </v>
      <v n="14">
        <w>וְהִצַּ֤תִּי</w>
        <w>אֵשׁ֙</w>
        <w>בְּחוֹמַ֣ת</w>
        <w>רַבָּ֔ה</w>
        <w>וְאָכְלָ֖ה</w>
        <w>אַרְמְנוֹתֶ֑יהָ</w>
        <w>בִּתְרוּעָה֙</w>
        <w>בְּי֣וֹם</w>
        <w>מִלְחָמָ֔ה</w>
        <w>בְּסַ֖עַר</w>
        <w>בְּי֥וֹם</w>
        <w>סוּפָֽה</w>
      </v>
      <v n="15">
        <w>וְהָלַ֥ךְ</w>
        <w>מַלְכָּ֖ם</w>
        <w>בַּגּוֹלָ֑ה</w>
        <w>ה֧וּא</w>
        <w>וְשָׂרָ֛יו</w>
        <w>יַחְדָּ֖ו</w>
        <w>אָמַ֥ר</w>
        <w>יְהוָֽה׃</w>
        <pe/>
      </v>
      <vs>15</vs>
    </c>
    <c n="2">
      <v n="1">
        <w>כֹּ֚ה</w>
        <w>אָמַ֣ר</w>
        <w>יְהוָ֔ה</w>
        <w>עַל־</w>
        <w>שְׁלֹשָׁה֙</w>
        <w>פִּשְׁעֵ֣י</w>
        <w>מוֹאָ֔ב</w>
        <w>וְעַל־</w>
        <w>אַרְבָּעָ֖ה</w>
        <w>לֹ֣א</w>
        <w>אֲשִׁיבֶ֑נּוּ</w>
        <w>עַל־</w>
        <w>שָׂרְפ֛וֹ</w>
        <w>עַצְמ֥וֹת</w>
        <w>מֶֽלֶךְ־</w>
        <w>אֱד֖וֹם</w>
        <w>לַשִּֽׂיד׃</w>
      </v>
      <v n="2">
        <w>וְשִׁלַּחְתִּי־</w>
        <w>אֵ֣שׁ</w>
        <w>בְּמוֹאָ֔ב</w>
        <w>וְאָכְלָ֖ה</w>
        <w>אַרְמְנ֣וֹת</w>
        <w>הַקְּרִיּ֑וֹת</w>
        <w>וּמֵ֤ת</w>
        <w>בְּשָׁאוֹן֙</w>
        <w>מוֹאָ֔ב</w>
        <w>בִּתְרוּעָ֖ה</w>
        <w>בְּק֥וֹל</w>
        <w>שׁוֹפָֽר׃</w>
      </v>
      <v n="3">
        <w>וְהִכְרַתִּ֥י</w>
        <w>שׁוֹפֵ֖ט</w>
        <w>מִקִּרְבָּ֑הּ</w>
        <w>וְכָל־</w>
        <w>שָׂרֶ֛יהָ</w>
        <w>אֶהֱר֥וֹג</w>
        <w>עִמּ֖וֹ</w>
        <w>אָמַ֥ר</w>
        <w>יְהוָֽה׃</w>
        <pe/>
      </v>
      <v n="4">
        <w>כֹּ֚ה</w>
        <w>אָמַ֣ר</w>
        <w>יְהוָ֔ה</w>
        <w>עַל־</w>
        <w>שְׁלֹשָׁה֙</w>
        <w>פִּשְׁעֵ֣י</w>
        <w>יְהוּדָ֔ה</w>
        <w>וְעַל־</w>
        <w>אַרְבָּעָ֖ה</w>
        <w>לֹ֣א</w>
        <w>אֲשִׁיבֶ֑נּוּ</w>
        <w>עַֽל־</w>
        <w>מָאֳסָ֞ם</w>
        <w>אֶת־</w>
        <w>תּוֹרַ֣ת</w>
        <w>יְהוָ֗ה</w>
        <w>וְחֻקָּיו֙</w>
        <w>לֹ֣א</w>
        <w>שָׁמָ֔רוּ</w>
        <w>וַיַּתְעוּם֙</w>
        <w>כִּזְבֵיהֶ֔ם</w>
        <w>אֲשֶׁר־</w>
        <w>הָלְכ֥וּ</w>
        <w>אֲבוֹתָ֖ם</w>
        <w>אַחֲרֵיהֶֽם׃</w>
      </v>
      <v n="5">
        <w>וְשִׁלַּ֥חְתִּי</w>
        <w>אֵ֖שׁ</w>
        <w>בִּֽיהוּדָ֑ה</w>
        <w>וְאָכְלָ֖ה</w>
        <w>אַרְמְנ֥וֹת</w>
        <w>יְרוּשָׁלָֽ͏ִם׃</w>
        <pe/>
      </v>
      <v n="6">
        <w>כֹּ֚ה</w>
        <w>אָמַ֣ר</w>
        <w>יְהוָ֔ה</w>
        <w>עַל־</w>
        <w>שְׁלֹשָׁה֙</w>
        <w>פִּשְׁעֵ֣י</w>
        <w>יִשְׂרָאֵ֔ל</w>
        <w>וְעַל־</w>
        <w>אַרְבָּעָ֖ה</w>
        <w>לֹ֣א</w>
        <w>אֲשִׁיבֶ֑נּוּ</w>
        <w>עַל־</w>
        <w>מִכְרָ֤ם</w>
        <w>בַּכֶּ֙סֶף֙</w>
        <w>צַדִּ֔יק</w>
        <w>וְאֶבְי֖וֹן</w>
        <w>בַּעֲב֥וּר</w>
        <w>נַעֲלָֽיִם׃</w>
      </v>
      <v n="7">
        <w>הַשֹּׁאֲפִ֤ים</w>
        <w>עַל־</w>
        <w>עֲפַר־</w>
        <w>אֶ֙רֶץ֙</w>
        <w>בְּרֹ֣אשׁ</w>
        <w>דַּלִּ֔ים</w>
        <w>וְדֶ֥רֶךְ</w>
        <w>עֲנָוִ֖ים</w>
        <w>יַטּ֑וּ</w>
        <w>וְאִ֣ישׁ</w>
        <w>וְאָבִ֗יו</w>
        <w>יֵֽלְכוּ֙</w>
        <w>אֶל־</w>
        <w>הַֽנַּעֲרָ֔ה</w>
        <w>לְמַ֥עַן</w>
        <w>חַלֵּ֖ל</w>
        <w>אֶת־</w>
        <w>שֵׁ֥ם</w>
        <w>קָדְשִֽׁי׃</w>
      </v>
      <v n="8">
        <w>וְעַל־</w>
        <w>בְּגָדִ֤ים</w>
        <w>חֲבֻלִים֙</w>
        <w>יַטּ֔וּ</w>
        <w>אֵ֖צֶל</w>
        <w>כָּל־</w>
        <w>מִזְבֵּ֑חַ</w>
        <w>וְיֵ֤ין</w>
        <w>עֲנוּשִׁים֙</w>
        <w>יִשְׁתּ֔וּ</w>
        <w>בֵּ֖ית</w>
        <w>אֱלֹהֵיהֶֽם׃</w>
      </v>
      <v n="9">
        <w>וְאָ֨נֹכִ֜י</w>
        <w>הִשְׁמַ֤דְתִּי</w>
        <w>אֶת־</w>
        <w>הָֽאֱמֹרִי֙</w>
        <w>מִפְּנֵיהֶ֔ם</w>
        <w>אֲשֶׁ֨ר</w>
        <w>כְּגֹ֤בַהּ</w>
        <w>אֲרָזִים֙</w>
        <w>גָּבְה֔וֹ</w>
        <w>וְחָסֹ֥ן</w>
        <w>ה֖וּא</w>
        <w>כָּֽאַלּוֹנִ֑ים</w>
        <w>וָאַשְׁמִ֤יד</w>
        <w>פִּרְיוֹ֙</w>
        <w>מִמַּ֔עַל</w>
        <w>וְשָׁרָשָׁ֖יו</w>
        <w>מִתָּֽחַת׃</w>
      </v>
      <v n="10">
        <w>וְאָנֹכִ֛י</w>
        <w>הֶעֱלֵ֥יתִי</w>
        <w>אֶתְכֶ֖ם</w>
        <w>מֵאֶ֣רֶץ</w>
        <w>מִצְרָ֑יִם</w>
        <w>וָאוֹלֵ֨ךְ</w>
        <w>אֶתְכֶ֤ם</w>
        <w>בַּמִּדְבָּר֙</w>
        <w>אַרְבָּעִ֣ים</w>
        <w>שָׁנָ֔ה</w>
        <w>לָרֶ֖שֶׁת</w>
        <w>אֶת־</w>
        <w>אֶ֥רֶץ</w>
        <w>הָאֱמֹרִֽי׃</w>
      </v>
      <v n="11">
        <w>וָאָקִ֤ים</w>
        <w>מִבְּנֵיכֶם֙</w>
        <w>לִנְבִיאִ֔ים</w>
        <w>וּמִבַּחוּרֵיכֶ֖ם</w>
        <w>לִנְזִרִ֑ים</w>
        <w>הַאַ֥ף</w>
        <w>אֵֽין־</w>
        <w>זֹ֛את</w>
        <w>בְּנֵ֥י</w>
        <w>יִשְׂרָאֵ֖ל</w>
        <w>נְאֻם־</w>
        <w>יְהוָֽה׃</w>
      </v>
      <v n="12">
        <w>וַתַּשְׁק֥וּ</w>
        <w>אֶת־</w>
        <w>הַנְּזִרִ֖ים</w>
        <w>יָ֑יִן</w>
        <w>וְעַל־</w>
        <w>הַנְּבִיאִים֙</w>
        <w>צִוִּיתֶ֣ם</w>
        <w>לֵאמֹ֔ר</w>
        <w>לֹ֖א</w>
        <w>תִּנָּבְאֽוּ׃</w>
      </v>
      <v n="13">
        <w>הִנֵּ֛ה</w>
        <w>אָנֹכִ֥י</w>
        <w>מֵעִ֖יק</w>
        <w>תַּחְתֵּיכֶ֑ם</w>
        <w>כַּאֲשֶׁ֤ר</w>
        <w>תָּעִיק֙</w>
        <w>הָעֲגָלָ֔ה</w>
        <w>הַֽמְלֵאָ֥ה</w>
        <w>לָ֖הּ</w>
        <w>עָמִֽיר׃</w>
      </v>
      <v n="14">
        <w>וְאָבַ֤ד</w>
        <w>מָנוֹס֙</w>
        <w>מִקָּ֔ל</w>
        <w>וְחָזָ֖ק</w>
        <w>לֹא־</w>
        <w>יְאַמֵּ֣ץ</w>
        <w>כֹּח֑וֹ</w>
        <w>וְגִבּ֖וֹר</w>
        <w>לֹא־</w>
        <w>יְמַלֵּ֥ט</w>
        <w>נַפְשֽׁוֹ׃</w>
      </v>
      <v n="15">
        <w>וְתֹפֵ֤שׂ</w>
        <w>הַקֶּ֙שֶׁת֙</w>
        <w>לֹ֣א</w>
        <w>יַעֲמֹ֔ד</w>
        <w>וְקַ֥ל</w>
        <w>בְּרַגְלָ֖יו</w>
        <w>לֹ֣א</w>
        <w>יְמַלֵּ֑ט</w>
        <w>וְרֹכֵ֣ב</w>
        <w>הַסּ֔וּס</w>
        <w>לֹ֥א</w>
        <w>יְמַלֵּ֖ט</w>
        <w>נַפְשֽׁוֹ׃</w>
      </v>
      <v n="16">
        <w>וְאַמִּ֥יץ</w>
        <w>לִבּ֖וֹ</w>
        <w>בַּגִּבּוֹרִ֑ים</w>
        <w>עָר֛וֹם</w>
        <w>יָנ֥וּס</w>
        <w>בַּיּוֹם־</w>
        <w>הַה֖וּא</w>
        <w>נְאֻם־</w>
        <w>יְהוָֽה׃</w>
        <pe/>
      </v>
      <vs>16</vs>
    </c>
    <c n="3">
      <v n="1">
        <w>שִׁמְע֞וּ</w>
        <w>אֶת־</w>
        <w>הַדָּבָ֣ר</w>
        <w>הַזֶּ֗ה</w>
        <w>אֲשֶׁ֨ר</w>
        <w>דִּבֶּ֧ר</w>
        <w>יְהוָ֛ה</w>
        <w>עֲלֵיכֶ֖ם</w>
        <w>בְּנֵ֣י</w>
        <w>יִשְׂרָאֵ֑ל</w>
        <w>עַ֚ל</w>
        <w>כָּל־</w>
        <w>הַמִּשְׁפָּחָ֔ה</w>
        <w>אֲשֶׁ֧ר</w>
        <w>הֶעֱלֵ֛יתִי</w>
        <w>מֵאֶ֥רֶץ</w>
        <w>מִצְרַ֖יִם</w>
        <w>לֵאמֹֽר׃</w>
      </v>
      <v n="2">
        <w>רַ֚ק</w>
        <w>אֶתְכֶ֣ם</w>
        <w>יָדַ֔עְתִּי</w>
        <w>מִכֹּ֖ל</w>
        <w>מִשְׁפְּח֣וֹת</w>
        <w>הָאֲדָמָ֑ה</w>
        <w>עַל־</w>
        <w>כֵּן֙</w>
        <w>אֶפְקֹ֣ד</w>
        <w>עֲלֵיכֶ֔ם</w>
        <w>אֵ֖ת</w>
        <w>כָּל־</w>
        <w>עֲוֺנֹֽתֵיכֶֽם׃</w>
      </v>
      <v n="3">
        <w>הֲיֵלְכ֥וּ</w>
        <w>שְׁנַ֖יִם</w>
        <w>יַחְדָּ֑ו</w>
        <w>בִּלְתִּ֖י</w>
        <w>אִם־</w>
        <w>נוֹעָֽדוּ׃</w>
      </v>
      <v n="4">
        <w>הֲיִשְׁאַ֤ג</w>
        <w>אַרְיֵה֙</w>
        <w>בַּיַּ֔עַר</w>
        <w>וְטֶ֖רֶף</w>
        <w>אֵ֣ין</w>
        <w>ל֑וֹ</w>
        <w>הֲיִתֵּ֨ן</w>
        <w>כְּפִ֤יר</w>
        <w>קוֹלוֹ֙</w>
        <w>מִמְּעֹ֣נָת֔וֹ</w>
        <w>בִּלְתִּ֖י</w>
        <w>אִם־</w>
        <w>לָכָֽד׃</w>
      </v>
      <v n="5">
        <w>הֲתִפֹּ֤ל</w>
        <w>צִפּוֹר֙</w>
        <w>עַל־</w>
        <w>פַּ֣ח</w>
        <w>הָאָ֔רֶץ</w>
        <w>וּמוֹקֵ֖שׁ</w>
        <w>אֵ֣ין</w>
        <w>לָ֑הּ</w>
        <w>הֲיַֽעֲלֶה־</w>
        <w>פַּח֙</w>
        <w>מִן־</w>
        <w>הָ֣אֲדָמָ֔ה</w>
        <w>וְלָכ֖וֹד</w>
        <w>לֹ֥א</w>
        <w>יִלְכּֽוֹד׃</w>
      </v>
      <v n="6">
        <w>אִם־</w>
        <w>יִתָּקַ֤ע</w>
        <w>שׁוֹפָר֙</w>
        <w>בְּעִ֔יר</w>
        <w>וְעָ֖ם</w>
        <w>לֹ֣א</w>
        <w>יֶחֱרָ֑דוּ</w>
        <w>אִם־</w>
        <w>תִּהְיֶ֤ה</w>
        <w>רָעָה֙</w>
        <w>בְּעִ֔יר</w>
        <w>וַיהוָ֖ה</w>
        <w>לֹ֥א</w>
        <w>עָשָֽׂה׃</w>
      </v>
      <v n="7">
        <w>כִּ֣י</w>
        <w>לֹ֧א</w>
        <w>יַעֲשֶׂ֛ה</w>
        <w>אֲדֹנָ֥י</w>
        <w>יְהוִ֖ה</w>
        <w>דָּבָ֑ר</w>
        <w>כִּ֚י</w>
        <w>אִם־</w>
        <w>גָּלָ֣ה</w>
        <w>סוֹד֔וֹ</w>
        <w>אֶל־</w>
        <w>עֲבָדָ֖יו</w>
        <w>הַנְּבִיאִֽים׃</w>
      </v>
      <v n="8">
        <w>אַרְיֵ֥ה</w>
        <w>שָׁאָ֖ג</w>
        <w>מִ֣י</w>
        <w>לֹ֣א</w>
        <w>יִירָ֑א</w>
        <w>אֲדֹנָ֤י</w>
        <w>יְהוִה֙</w>
        <w>דִּבֶּ֔ר</w>
        <w>מִ֖י</w>
        <w>לֹ֥א</w>
        <w>יִנָּבֵֽא׃</w>
      </v>
      <v n="9">
        <w>הַשְׁמִ֙יעוּ֙</w>
        <w>עַל־</w>
        <w>אַרְמְנ֣וֹת</w>
        <w>בְּאַשְׁדּ֔וֹד</w>
        <w>וְעַֽל־</w>
        <w>אַרְמְנ֖וֹת</w>
        <w>בְּאֶ֣רֶץ</w>
        <w>מִצְרָ֑יִם</w>
        <w>וְאִמְר֗וּ</w>
        <w>הֵאָֽסְפוּ֙</w>
        <w>עַל־</w>
        <w>הָרֵ֣י</w>
        <w>שֹׁמְר֔וֹן</w>
        <w>וּרְא֞וּ</w>
        <w>מְהוּמֹ֤ת</w>
        <w>רַבּוֹת֙</w>
        <w>בְּתוֹכָ֔הּ</w>
        <w>וַעֲשׁוּקִ֖ים</w>
        <w>בְּקִרְבָּֽהּ׃</w>
      </v>
      <v n="10">
        <w>וְלֹֽא־</w>
        <w>יָדְע֥וּ</w>
        <w>עֲשׂוֹת־</w>
        <w>נְכֹחָ֖ה</w>
        <w>נְאֻם־</w>
        <w>יְהוָ֑ה</w>
        <w>הָאֽוֹצְרִ֛ים</w>
        <w>חָמָ֥ס</w>
        <w>וָשֹׁ֖ד</w>
        <w>בְּאַרְמְנֽוֹתֵיהֶֽם׃</w>
        <pe/>
      </v>
      <v n="11">
        <w>לָכֵ֗ן</w>
        <w>כֹּ֤ה</w>
        <w>אָמַר֙</w>
        <w>אֲדֹנָ֣י</w>
        <w>יְהוִ֔ה</w>
        <w>צַ֖ר</w>
        <w>וּסְבִ֣יב</w>
        <w>הָאָ֑רֶץ</w>
        <w>וְהוֹרִ֤ד</w>
        <w>מִמֵּךְ֙</w>
        <w>עֻזֵּ֔ךְ</w>
        <w>וְנָבֹ֖זּוּ</w>
        <w>אַרְמְנוֹתָֽיִךְ׃</w>
      </v>
      <v n="12">
        <w>כֹּה֮</w>
        <w>אָמַ֣ר</w>
        <w>יְהוָה֒</w>
        <w>כַּאֲשֶׁר֩</w>
        <w>יַצִּ֨יל</w>
        <w>הָרֹעֶ֜ה</w>
        <w>מִפִּ֧י</w>
        <w>הָאֲרִ֛י</w>
        <w>שְׁתֵּ֥י</w>
        <w>כְרָעַ֖יִם</w>
        <w>א֣וֹ</w>
        <w>בְדַל־</w>
        <w>אֹ֑זֶן</w>
        <w>כֵּ֣ן</w>
        <w>יִנָּצְל֞וּ</w>
        <w>בְּנֵ֣י</w>
        <w>יִשְׂרָאֵ֗ל</w>
        <w>הַיֹּֽשְׁבִים֙</w>
        <w>בְּשֹׁ֣מְר֔וֹן</w>
        <w>בִּפְאַ֥ת</w>
        <w>מִטָּ֖ה</w>
        <w>וּבִדְמֶ֥שֶׁק</w>
        <w>עָֽרֶשׂ׃</w>
      </v>
      <v n="13">
        <w>שִׁמְע֥וּ</w>
        <w>וְהָעִ֖ידוּ</w>
        <w>בְּבֵ֣ית</w>
        <w>יַֽעֲקֹ֑ב</w>
        <w>נְאֻם־</w>
        <w>אֲדֹנָ֥י</w>
        <w>יְהוִ֖ה</w>
        <w>אֱלֹהֵ֥י</w>
        <w>הַצְּבָאֽוֹת׃</w>
      </v>
      <v n="14">
        <w>כִּ֗י</w>
        <w>בְּי֛וֹם</w>
        <w>פָּקְדִ֥י</w>
        <w>פִשְׁעֵֽי־</w>
        <w>יִשְׂרָאֵ֖ל</w>
        <w>עָלָ֑יו</w>
        <w>וּפָֽקַדְתִּי֙</w>
        <w>עַל־</w>
        <w>מִזְבְּח֣וֹת</w>
        <w>בֵּֽית־</w>
        <w>אֵ֔ל</w>
        <w>וְנִגְדְּעוּ֙</w>
        <w>קַרְנ֣וֹת</w>
        <w>הַמִּזְבֵּ֔חַ</w>
        <w>וְנָפְל֖וּ</w>
        <w>לָאָֽרֶץ׃</w>
      </v>
      <v n="15">
        <w>וְהִכֵּיתִ֥י</w>
        <w>בֵית־</w>
        <w>הַחֹ֖רֶף</w>
        <w>עַל־</w>
        <w>בֵּ֣ית</w>
        <w>הַקָּ֑יִץ</w>
        <w>וְאָבְד֞וּ</w>
        <w>בָּתֵּ֣י</w>
        <w>הַשֵּׁ֗ן</w>
        <w>וְסָפ֛וּ</w>
        <w>בָּתִּ֥ים</w>
        <w>רַבִּ֖ים</w>
        <w>נְאֻם־</w>
        <w>יְהוָֽה׃</w>
        <samekh/>
      </v>
      <vs>15</vs>
    </c>
    <c n="4">
      <v n="1">
        <w>שִׁמְע֞וּ</w>
        <w>הַדָּבָ֣ר</w>
        <w>הַזֶּ֗ה</w>
        <w>פָּר֤וֹת</w>
        <w>הַבָּשָׁן֙</w>
        <w>אֲשֶׁר֙</w>
        <w>בְּהַ֣ר</w>
        <w>שֹֽׁמְר֔וֹן</w>
        <w>הָעֹשְׁק֣וֹת</w>
        <w>דַּלִּ֔ים</w>
        <w>הָרֹצְצ֖וֹת</w>
        <w>אֶבְיוֹנִ֑ים</w>
        <w>הָאֹמְרֹ֥ת</w>
        <w>לַאֲדֹֽנֵיהֶ֖ם</w>
        <w>הָבִ֥יאָה</w>
        <w>וְנִשְׁתֶּֽה׃</w>
      </v>
      <v n="2">
        <w>נִשְׁבַּ֨ע</w>
        <w>אֲדֹנָ֤י</w>
        <w>יְהוִה֙</w>
        <w>בְּקָדְשׁ֔וֹ</w>
        <w>כִּ֛י</w>
        <w>הִנֵּ֥ה</w>
        <w>יָמִ֖ים</w>
        <w>בָּאִ֣ים</w>
        <w>עֲלֵיכֶ֑ם</w>
        <w>וְנִשָּׂ֤א</w>
        <w>אֶתְכֶם֙</w>
        <w>בְּצִנּ֔וֹת</w>
        <w>וְאַחֲרִיתְכֶ֖ן</w>
        <w>בְּסִיר֥וֹת</w>
        <w>דּוּגָֽה׃</w>
      </v>
      <v n="3">
        <w>וּפְרָצִ֥ים</w>
        <w>תֵּצֶ֖אנָה</w>
        <w>אִשָּׁ֣ה</w>
        <w>נֶגְדָּ֑הּ</w>
        <w>וְהִשְׁלַכְתֶּ֥נָה</w>
        <w>הַהַרְמ֖וֹנָה</w>
        <w>נְאֻם־</w>
        <w>יְהוָֽה׃</w>
      </v>
      <v n="4">
        <w>בֹּ֤אוּ</w>
        <w>בֵֽית־</w>
        <w>אֵל֙</w>
        <w>וּפִשְׁע֔וּ</w>
        <w>הַגִּלְגָּ֖ל</w>
        <w>הַרְבּ֣וּ</w>
        <w>לִפְשֹׁ֑עַ</w>
        <w>וְהָבִ֤יאוּ</w>
        <w>לַבֹּ֙קֶר֙</w>
        <w>זִבְחֵיכֶ֔ם</w>
        <w>לִשְׁלֹ֥שֶׁת</w>
        <w>יָמִ֖ים</w>
        <w>מַעְשְׂרֹֽתֵיכֶֽם׃</w>
      </v>
      <v n="5">
        <w>וְקַטֵּ֤ר</w>
        <w>מֵֽחָמֵץ֙</w>
        <w>תּוֹדָ֔ה</w>
        <w>וְקִרְא֥וּ</w>
        <w>נְדָב֖וֹת</w>
        <w>הַשְׁמִ֑יעוּ</w>
        <w>כִּ֣י</w>
        <w>כֵ֤ן</w>
        <w>אֲהַבְתֶּם֙</w>
        <w>בְּנֵ֣י</w>
        <w>יִשְׂרָאֵ֔ל</w>
        <w>נְאֻ֖ם</w>
        <w>אֲדֹנָ֥י</w>
        <w>יְהוִֽה׃</w>
      </v>
      <v n="6">
        <w>וְגַם־</w>
        <w>אֲנִי֩</w>
        <w>נָתַ֨תִּי</w>
        <w>לָכֶ֜ם</w>
        <w>נִקְי֤וֹן</w>
        <w>שִׁנַּ֙יִם֙</w>
        <w>בְּכָל־</w>
        <w>עָ֣רֵיכֶ֔ם</w>
        <w>וְחֹ֣סֶר</w>
        <w>לֶ֔חֶם</w>
        <w>בְּכֹ֖ל</w>
        <w>מְקוֹמֹֽתֵיכֶ֑ם</w>
        <w>וְלֹֽא־</w>
        <w>שַׁבְתֶּ֥ם</w>
        <w>עָדַ֖י</w>
        <w>נְאֻם־</w>
        <w>יְהוָֽה׃</w>
      </v>
      <v n="7">
        <w>וְגַ֣ם</w>
        <w>אָנֹכִי֩</w>
        <w>מָנַ֨עְתִּי</w>
        <w>מִכֶּ֜ם</w>
        <w>אֶת־</w>
        <w>הַגֶּ֗שֶׁם</w>
        <w>בְּע֨וֹד</w>
        <w>שְׁלֹשָׁ֤ה</w>
        <w>חֳדָשִׁים֙</w>
        <w>לַקָּצִ֔יר</w>
        <w>וְהִמְטַרְתִּי֙</w>
        <w>עַל־</w>
        <w>עִ֣יר</w>
        <w>אֶחָ֔ת</w>
        <w>וְעַל־</w>
        <w>עִ֥יר</w>
        <w>אַחַ֖ת</w>
        <w>לֹ֣א</w>
        <w>אַמְטִ֑יר</w>
        <w>חֶלְקָ֤ה</w>
        <w>אַחַת֙</w>
        <w>תִּמָּטֵ֔ר</w>
        <w>וְחֶלְקָ֛ה</w>
        <w>אֲשֶֽׁר־</w>
        <w>לֹֽא־</w>
        <w>תַמְטִ֥יר</w>
        <w>עָלֶ֖יהָ</w>
        <w>תִּיבָֽשׁ׃</w>
      </v>
      <v n="8">
        <w>וְנָע֡וּ</w>
        <w>שְׁתַּיִם֩</w>
        <w>שָׁלֹ֨שׁ</w>
        <w>עָרִ֜ים</w>
        <w>אֶל־</w>
        <w>עִ֥יר</w>
        <w>אַחַ֛ת</w>
        <w>לִשְׁתּ֥וֹת</w>
        <w>מַ֖יִם</w>
        <w>וְלֹ֣א</w>
        <w>יִשְׂבָּ֑עוּ</w>
        <w>וְלֹֽא־</w>
        <w>שַׁבְתֶּ֥ם</w>
        <w>עָדַ֖י</w>
        <w>נְאֻם־</w>
        <w>יְהוָֽה׃</w>
      </v>
      <v n="9">
        <w>הִכֵּ֣יתִי</w>
        <w>אֶתְכֶם֮</w>
        <w>בַּשִּׁדָּפ֣וֹן</w>
        <w>וּבַיֵּרָקוֹן֒</w>
        <w>הַרְבּ֨וֹת</w>
        <w>גַּנּוֹתֵיכֶ֧ם</w>
        <w>וְכַרְמֵיכֶ֛ם</w>
        <w>וּתְאֵנֵיכֶ֥ם</w>
        <w>וְזֵיתֵיכֶ֖ם</w>
        <w>יֹאכַ֣ל</w>
        <w>הַגָּזָ֑ם</w>
        <w>וְלֹֽא־</w>
        <w>שַׁבְתֶּ֥ם</w>
        <w>עָדַ֖י</w>
        <w>נְאֻם־</w>
        <w>יְהוָֽה׃</w>
        <samekh/>
      </v>
      <v n="10">
        <w>שִׁלַּ֨חְתִּי</w>
        <w>בָכֶ֥ם</w>
        <w>דֶּ֙בֶר֙</w>
        <w>בְּדֶ֣רֶךְ</w>
        <w>מִצְרַ֔יִם</w>
        <w>הָרַ֤גְתִּי</w>
        <w>בַחֶ֙רֶב֙</w>
        <w>בַּח֣וּרֵיכֶ֔ם</w>
        <w>עִ֖ם</w>
        <w>שְׁבִ֣י</w>
        <w>סֽוּסֵיכֶ֑ם</w>
        <w>וָאַעֲלֶ֞ה</w>
        <w>בְּאֹ֤שׁ</w>
        <w>מַחֲנֵיכֶם֙</w>
        <w>וּֽבְאַפְּכֶ֔ם</w>
        <w>וְלֹֽא־</w>
        <w>שַׁבְתֶּ֥ם</w>
        <w>עָדַ֖י</w>
        <w>נְאֻם־</w>
        <w>יְהוָֽה׃</w>
      </v>
      <v n="11">
        <w>הָפַ֣כְתִּי</w>
        <w>בָכֶ֗ם</w>
        <w>כְּמַהְפֵּכַ֤ת</w>
        <w>אֱלֹהִים֙</w>
        <w>אֶת־</w>
        <w>סְדֹ֣ם</w>
        <w>וְאֶת־</w>
        <w>עֲמֹרָ֔ה</w>
        <w>וַתִּהְי֕וּ</w>
        <w>כְּא֖וּד</w>
        <w>מֻצָּ֣ל</w>
        <w>מִשְׂרֵפָ֑ה</w>
        <w>וְלֹֽא־</w>
        <w>שַׁבְתֶּ֥ם</w>
        <w>עָדַ֖י</w>
        <w>נְאֻם־</w>
        <w>יְהוָֽה׃</w>
        <samekh/>
      </v>
      <v n="12">
        <w>לָכֵ֕ן</w>
        <w>כֹּ֥ה</w>
        <w>אֶעֱשֶׂה־</w>
        <w>לְּךָ֖</w>
        <w>יִשְׂרָאֵ֑ל</w>
        <w>עֵ֚קֶב</w>
        <w>כִּֽי־</w>
        <w>זֹ֣את</w>
        <w>אֶֽעֱשֶׂה־</w>
        <w>לָּ֔ךְ</w>
        <w>הִכּ֥וֹן</w>
        <w>לִקְרַאת־</w>
        <w>אֱלֹהֶ֖יךָ</w>
        <w>יִשְׂרָאֵֽל׃</w>
      </v>
      <v n="13">
        <w>כִּ֡י</w>
        <w>הִנֵּה֩</w>
        <w>יוֹצֵ֨ר</w>
        <w>הָרִ֜ים</w>
        <w>וּבֹרֵ֣א</w>
        <w>ר֗וּחַ</w>
        <w>וּמַגִּ֤יד</w>
        <w>לְאָדָם֙</w>
        <w>מַה־</w>
        <w>שֵּׂח֔וֹ</w>
        <w>עֹשֵׂ֥ה</w>
        <w>שַׁ֙חַר֙</w>
        <w>עֵיפָ֔ה</w>
        <w>וְדֹרֵ֖ךְ</w>
        <w>עַל־</w>
        <w>בָּ֣מֳתֵי</w>
        <w>אָ֑רֶץ</w>
        <w>יְהוָ֥ה</w>
        <w>אֱלֹהֵֽי־</w>
        <w>צְבָא֖וֹת</w>
        <w>שְׁמֽוֹ׃</w>
        <samekh/>
      </v>
      <vs>13</vs>
    </c>
    <c n="5">
      <v n="1">
        <w>שִׁמְע֞וּ</w>
        <w>אֶת־</w>
        <w>הַדָּבָ֣ר</w>
        <w>הַזֶּ֗ה</w>
        <w>אֲשֶׁ֨ר</w>
        <w>אָנֹכִ֜י</w>
        <w>נֹשֵׂ֧א</w>
        <w>עֲלֵיכֶ֛ם</w>
        <w>קִינָ֖ה</w>
        <w>בֵּ֥ית</w>
        <w>יִשְׂרָאֵֽל׃</w>
      </v>
      <v n="2">
        <w>נָֽפְלָה֙</w>
        <w>לֹֽא־</w>
        <w>תוֹסִ֣יף</w>
        <w>ק֔וּם</w>
        <w>בְּתוּלַ֖ת</w>
        <w>יִשְׂרָאֵ֑ל</w>
        <w>נִטְּשָׁ֥ה</w>
        <w>עַל־</w>
        <w>אַדְמָתָ֖הּ</w>
        <w>אֵ֥ין</w>
        <w>מְקִימָֽהּ׃</w>
      </v>
      <v n="3">
        <w>כִּ֣י</w>
        <w>כֹ֤ה</w>
        <w>אָמַר֙</w>
        <w>אֲדֹנָ֣י</w>
        <w>יְהוִ֔ה</w>
        <w>הָעִ֛יר</w>
        <w>הַיֹּצֵ֥את</w>
        <w>אֶ֖לֶף</w>
        <w>תַּשְׁאִ֣יר</w>
        <w>מֵאָ֑ה</w>
        <w>וְהַיּוֹצֵ֥את</w>
        <w>מֵאָ֛ה</w>
        <w>תַּשְׁאִ֥יר</w>
        <w>עֲשָׂרָ֖ה</w>
        <w>לְבֵ֥ית</w>
        <w>יִשְׂרָאֵֽל׃</w>
        <samekh/>
      </v>
      <v n="4">
        <w>כִּ֣י</w>
        <w>כֹ֥ה</w>
        <w>אָמַ֛ר</w>
        <w>יְהוָ֖ה</w>
        <w>לְבֵ֣ית</w>
        <w>יִשְׂרָאֵ֑ל</w>
        <w>דִּרְשׁ֖וּנִי</w>
        <w>וִֽחְיֽוּ׃</w>
      </v>
      <v n="5">
        <w>וְאַֽל־</w>
        <w>תִּדְרְשׁוּ֙</w>
        <w>בֵּֽית־</w>
        <w>אֵ֔ל</w>
        <w>וְהַגִּלְגָּל֙</w>
        <w>לֹ֣א</w>
        <w>תָבֹ֔אוּ</w>
        <w>וּבְאֵ֥ר</w>
        <w>שֶׁ֖בַע</w>
        <w>לֹ֣א</w>
        <w>תַעֲבֹ֑רוּ</w>
        <w>כִּ֤י</w>
        <w>הַגִּלְגָּל֙</w>
        <w>גָּלֹ֣ה</w>
        <w>יִגְלֶ֔ה</w>
        <w>וּבֵֽית־</w>
        <w>אֵ֖ל</w>
        <w>יִהְיֶ֥ה</w>
        <w>לְאָֽוֶן׃</w>
      </v>
      <v n="6">
        <w>דִּרְשׁ֥וּ</w>
        <w>אֶת־</w>
        <w>יְהוָ֖ה</w>
        <w>וִֽחְי֑וּ</w>
        <w>פֶּן־</w>
        <w>יִצְלַ֤ח</w>
        <w>כָּאֵשׁ֙</w>
        <w>בֵּ֣ית</w>
        <w>יוֹסֵ֔ף</w>
        <w>וְאָכְלָ֥ה</w>
        <w>וְאֵין־</w>
        <w>מְכַבֶּ֖ה</w>
        <w>לְבֵֽית־</w>
        <w>אֵֽל׃</w>
      </v>
      <v n="7">
        <w>הַהֹפְכִ֥ים</w>
        <w>לְלַעֲנָ֖ה</w>
        <w>מִשְׁפָּ֑ט</w>
        <w>וּצְדָקָ֖ה</w>
        <w>לָאָ֥רֶץ</w>
        <w>הִנִּֽיחוּ׃</w>
      </v>
      <v n="8">
        <w>עֹשֵׂ֨ה</w>
        <w>כִימָ֜ה</w>
        <w>וּכְסִ֗יל</w>
        <w>וְהֹפֵ֤ךְ</w>
        <w>לַבֹּ֙קֶר֙</w>
        <w>צַלְמָ֔וֶת</w>
        <w>וְי֖וֹם</w>
        <w>לַ֣יְלָה</w>
        <w>הֶחְשִׁ֑יךְ</w>
        <w>הַקּוֹרֵ֣א</w>
        <w>לְמֵֽי־</w>
        <w>הַיָּ֗ם</w>
        <w>וַֽיִּשְׁפְּכֵ֛ם</w>
        <w>עַל־</w>
        <w>פְּנֵ֥י</w>
        <w>הָאָ֖רֶץ</w>
        <w>יְהוָ֥ה</w>
        <w>שְׁמֽוֹ׃</w>
        <samekh/>
      </v>
      <v n="9">
        <w>הַמַּבְלִ֥יג</w>
        <w>שֹׁ֖ד</w>
        <w>עַל־</w>
        <w>עָ֑ז</w>
        <w>וְשֹׁ֖ד</w>
        <w>עַל־</w>
        <w>מִבְצָ֥ר</w>
        <w>יָבֽוֹא׃</w>
      </v>
      <v n="10">
        <w>שָׂנְא֥וּ</w>
        <w>בַשַּׁ֖עַר</w>
        <w>מוֹכִ֑יחַ</w>
        <w>וְדֹבֵ֥ר</w>
        <w>תָּמִ֖ים</w>
        <w>יְתָעֵֽבוּ׃</w>
      </v>
      <v n="11">
        <w>לָ֠כֵן</w>
        <w>יַ֣עַן</w>
        <w>בּוֹשַׁסְכֶ֞ם</w>
        <w>עַל־</w>
        <w>דָּ֗ל</w>
        <w>וּמַשְׂאַת־</w>
        <w>בַּר֙</w>
        <w>תִּקְח֣וּ</w>
        <w>מִמֶּ֔נּוּ</w>
        <w>בָּתֵּ֥י</w>
        <w>גָזִ֛ית</w>
        <w>בְּנִיתֶ֖ם</w>
        <w>וְלֹא־</w>
        <w>תֵ֣שְׁבוּ</w>
        <w>בָ֑ם</w>
        <w>כַּרְמֵי־</w>
        <w>חֶ֣מֶד</w>
        <w>נְטַעְתֶּ֔ם</w>
        <w>וְלֹ֥א</w>
        <w>תִשְׁתּ֖וּ</w>
        <w>אֶת־</w>
        <w>יֵינָֽם׃</w>
      </v>
      <v n="12">
        <w>כִּ֤י</w>
        <w>יָדַ֙עְתִּי֙</w>
        <w>רַבִּ֣ים</w>
        <w>פִּשְׁעֵיכֶ֔ם</w>
        <w>וַעֲצֻמִ֖ים</w>
        <w>חַטֹּֽאתֵיכֶ֑ם</w>
        <w>צֹרְרֵ֤י</w>
        <w>צַדִּיק֙</w>
        <w>לֹ֣קְחֵי</w>
        <w>כֹ֔פֶר</w>
        <w>וְאֶבְיוֹנִ֖ים</w>
        <w>בַּשַּׁ֥עַר</w>
        <w>הִטּֽוּ׃</w>
      </v>
      <v n="13">
        <w>לָכֵ֗ן</w>
        <w>הַמַּשְׂכִּ֛יל</w>
        <w>בָּעֵ֥ת</w>
        <w>הַהִ֖יא</w>
        <w>יִדֹּ֑ם</w>
        <w>כִּ֛י</w>
        <w>עֵ֥ת</w>
        <w>רָעָ֖ה</w>
        <w>הִֽיא׃</w>
      </v>
      <v n="14">
        <w>דִּרְשׁוּ־</w>
        <w>ט֥וֹב</w>
        <w>וְאַל־</w>
        <w>רָ֖ע</w>
        <w>לְמַ֣עַן</w>
        <w>תִּֽחְי֑וּ</w>
        <w>וִיהִי־</w>
        <w>כֵ֞ן</w>
        <w>יְהוָ֧ה</w>
        <w>אֱלֹהֵֽי־</w>
        <w>צְבָא֛וֹת</w>
        <w>אִתְּכֶ֖ם</w>
        <w>כַּאֲשֶׁ֥ר</w>
        <w>אֲמַרְתֶּֽם׃</w>
      </v>
      <v n="15">
        <w>שִׂנְאוּ־</w>
        <w>רָע֙</w>
        <w>וְאֶ֣הֱבוּ</w>
        <w>ט֔וֹב</w>
        <w>וְהַצִּ֥יגוּ</w>
        <w>בַשַּׁ֖עַר</w>
        <w>מִשְׁפָּ֑ט</w>
        <w>אוּלַ֗י</w>
        <w>יֽ͏ֶחֱנַ֛ן</w>
        <w>יְהוָ֥ה</w>
        <w>אֱלֹהֵֽי־</w>
        <w>צְבָא֖וֹת</w>
        <w>שְׁאֵרִ֥ית</w>
        <w>יוֹסֵֽף׃</w>
        <samekh/>
      </v>
      <v n="16">
        <w>לָ֠כֵן</w>
        <w>כֹּֽה־</w>
        <w>אָמַ֨ר</w>
        <w>יְהוָ֜ה</w>
        <w>אֱלֹהֵ֤י</w>
        <w>צְבָאוֹת֙</w>
        <w>אֲדֹנָ֔י</w>
        <w>בְּכָל־</w>
        <w>רְחֹב֣וֹת</w>
        <w>מִסְפֵּ֔ד</w>
        <w>וּבְכָל־</w>
        <w>חוּצ֖וֹת</w>
        <w>יֹאמְר֣וּ</w>
        <w>הוֹ־</w>
        <w>ה֑וֹ</w>
        <w>וְקָרְא֤וּ</w>
        <w>אִכָּר֙</w>
        <w>אֶל־</w>
        <w>אֵ֔בֶל</w>
        <w>וּמִסְפֵּ֖ד</w>
        <w>אֶל־</w>
        <w>י֥וֹדְעֵי</w>
        <w>נֶֽהִי׃</w>
      </v>
      <v n="17">
        <w>וּבְכָל־</w>
        <w>כְּרָמִ֖ים</w>
        <w>מִסְפֵּ֑ד</w>
        <w>כִּֽי־</w>
        <w>אֶעֱבֹ֥ר</w>
        <w>בְּקִרְבְּךָ֖</w>
        <w>אָמַ֥ר</w>
        <w>יְהוָֽה׃</w>
        <samekh/>
      </v>
      <v n="18">
        <w>ה֥וֹי</w>
        <w>הַמִּתְאַוִּ֖ים</w>
        <w>אֶת־</w>
        <w>י֣וֹם</w>
        <w>יְהוָ֑ה</w>
        <w>לָמָּה־</w>
        <w>זֶּ֥ה</w>
        <w>לָכֶ֛ם</w>
        <w>י֥וֹם</w>
        <w>יְהוָ֖ה</w>
        <w>הוּא־</w>
        <w>חֹ֥שֶׁךְ</w>
        <w>וְלֹא־</w>
        <w>אֽוֹר׃</w>
      </v>
      <v n="19">
        <w>כַּאֲשֶׁ֨ר</w>
        <w>יָנ֥וּס</w>
        <w>אִישׁ֙</w>
        <w>מִפְּנֵ֣י</w>
        <w>הָאֲרִ֔י</w>
        <w>וּפְגָע֖וֹ</w>
        <w>הַדֹּ֑ב</w>
        <w>וּבָ֣א</w>
        <w>הַבַּ֔יִת</w>
        <w>וְסָמַ֤ךְ</w>
        <w>יָדוֹ֙</w>
        <w>עַל־</w>
        <w>הַקִּ֔יר</w>
        <w>וּנְשָׁכ֖וֹ</w>
        <w>הַנָּחָֽשׁ׃</w>
      </v>
      <v n="20">
        <w>הֲלֹא־</w>
        <w>חֹ֛שֶׁךְ</w>
        <w>י֥וֹם</w>
        <w>יְהוָ֖ה</w>
        <w>וְלֹא־</w>
        <w>א֑וֹר</w>
        <w>וְאָפֵ֖ל</w>
        <w>וְלֹא־</w>
        <w>נֹ֥גַֽהּ</w>
        <w>לֽוֹ׃</w>
      </v>
      <v n="21">
        <w>שָׂנֵ֥אתִי</w>
        <w>מָאַ֖סְתִּי</w>
        <w>חַגֵּיכֶ֑ם</w>
        <w>וְלֹ֥א</w>
        <w>אָרִ֖יחַ</w>
        <w>בְּעַצְּרֹֽתֵיכֶֽם׃</w>
      </v>
      <v n="22">
        <w>כִּ֣י</w>
        <w>אִם־</w>
        <w>תַּעֲלוּ־</w>
        <w>לִ֥י</w>
        <w>עֹל֛וֹת</w>
        <w>וּמִנְחֹתֵיכֶ֖ם</w>
        <w>לֹ֣א</w>
        <w>אֶרְצֶ֑ה</w>
        <w>וְשֶׁ֥לֶם</w>
        <w>מְרִיאֵיכֶ֖ם</w>
        <w>לֹ֥א</w>
        <w>אַבִּֽיט׃</w>
      </v>
      <v n="23">
        <w>הָסֵ֥ר</w>
        <w>מֵעָלַ֖י</w>
        <w>הֲמ֣וֹן</w>
        <w>שִׁרֶ֑יךָ</w>
        <w>וְזִמְרַ֥ת</w>
        <w>נְבָלֶ֖יךָ</w>
        <w>לֹ֥א</w>
        <w>אֶשְׁמָֽע׃</w>
      </v>
      <v n="24">
        <w>וְיִגַּ֥ל</w>
        <w>כַּמַּ֖יִם</w>
        <w>מִשְׁפָּ֑ט</w>
        <w>וּצְדָקָ֖ה</w>
        <w>כְּנַ֥חַל</w>
        <w>אֵיתָֽן׃</w>
      </v>
      <v n="25">
        <w>הַזְּבָחִ֨ים</w>
        <w>וּמִנְחָ֜ה</w>
        <w>הִֽגַּשְׁתֶּם־</w>
        <w>לִ֧י</w>
        <w>בַמִּדְבָּ֛ר</w>
        <w>אַרְבָּעִ֥ים</w>
        <w>שָׁנָ֖ה</w>
        <w>בֵּ֥ית</w>
        <w>יִשְׂרָאֵֽל׃</w>
      </v>
      <v n="26">
        <w>וּנְשָׂאתֶ֗ם</w>
        <w>אֵ֚ת</w>
        <w>סִכּ֣וּת</w>
        <w>מַלְכְּכֶ֔ם</w>
        <w>וְאֵ֖ת</w>
        <w>כִּיּ֣וּן</w>
        <w>צַלְמֵיכֶ֑ם</w>
        <w>כּוֹכַב֙</w>
        <w>אֱלֹ֣הֵיכֶ֔ם</w>
        <w>אֲשֶׁ֥ר</w>
        <w>עֲשִׂיתֶ֖ם</w>
        <w>לָכֶֽם׃</w>
      </v>
      <v n="27">
        <w>וְהִגְלֵיתִ֥י</w>
        <w>אֶתְכֶ֖ם</w>
        <w>מֵהָ֣לְאָה</w>
        <w>לְדַמָּ֑שֶׂק</w>
        <w>אָמַ֛ר</w>
        <w>יְהוָ֥ה</w>
        <w>אֱלֹהֵֽי־</w>
        <w>צְבָא֖וֹת</w>
        <w>שְׁמֽוֹ׃</w>
        <pe/>
      </v>
      <vs>27</vs>
    </c>
    <c n="6">
      <v n="1">
        <w>ה֚וֹי</w>
        <w>הַשַּׁאֲנַנִּ֣ים</w>
        <w>בְּצִיּ֔וֹן</w>
        <w>וְהַבֹּטְחִ֖ים</w>
        <w>בְּהַ֣ר</w>
        <w>שֹׁמְר֑וֹן</w>
        <w>נְקֻבֵי֙</w>
        <w>רֵאשִׁ֣ית</w>
        <w>הַגּוֹיִ֔ם</w>
        <w>וּבָ֥אוּ</w>
        <w>לָהֶ֖ם</w>
        <w>בֵּ֥ית</w>
        <w>יִשְׂרָאֵֽל׃</w>
      </v>
      <v n="2">
        <w>עִבְר֤וּ</w>
        <w>כַֽלְנֵה֙</w>
        <w>וּרְא֔וּ</w>
        <w>וּלְכ֥וּ</w>
        <w>מִשָּׁ֖ם</w>
        <w>חֲמַ֣ת</w>
        <w>רַבָּ֑ה</w>
        <w>וּרְד֣וּ</w>
        <w>גַת־</w>
        <w>פְּלִשְׁתּ֗ים</w>
        <w>הֲטוֹבִים֙</w>
        <w>מִן־</w>
        <w>הַמַּמְלָכ֣וֹת</w>
        <w>הָאֵ֔לֶּה</w>
        <w>אִם־</w>
        <w>רַ֥ב</w>
        <w>גְּבוּלָ֖ם</w>
        <w>מִגְּבֻלְכֶֽם׃</w>
      </v>
      <v n="3">
        <w>הַֽמְנַדִּ֖ים</w>
        <w>לְי֣וֹם</w>
        <w>רָ֑ע</w>
        <w>וַתַּגִּישׁ֖וּן</w>
        <w>שֶׁ֥בֶת</w>
        <w>חָמָֽס׃</w>
      </v>
      <v n="4">
        <w>הַשֹּֽׁכְבִים֙</w>
        <w>עַל־</w>
        <w>מִטּ֣וֹת</w>
        <w>שֵׁ֔ן</w>
        <w>וּסְרֻחִ֖ים</w>
        <w>עַל־</w>
        <w>עַרְשׂוֹתָ֑ם</w>
        <w>וְאֹכְלִ֤ים</w>
        <w>כָּרִים֙</w>
        <w>מִצֹּ֔אן</w>
        <w>וַעֲגָלִ֖ים</w>
        <w>מִתּ֥וֹךְ</w>
        <w>מַרְבֵּֽק׃</w>
      </v>
      <v n="5">
        <w>הַפֹּרְטִ֖ים</w>
        <w>עַל־</w>
        <w>פִּ֣י</w>
        <w>הַנָּ֑בֶל</w>
        <w>כְּדָוִ֕יד</w>
        <w>חָשְׁב֥וּ</w>
        <w>לָהֶ֖ם</w>
        <w>כְּלֵי־</w>
        <w>שִֽׁיר׃</w>
      </v>
      <v n="6">
        <w>הַשֹּׁתִ֤ים</w>
        <w>בְּמִזְרְקֵי֙</w>
        <w>יַ֔יִן</w>
        <w>וְרֵאשִׁ֥ית</w>
        <w>שְׁמָנִ֖ים</w>
        <w>יִמְשָׁ֑חוּ</w>
        <w>וְלֹ֥א</w>
        <w>נֶחְל֖וּ</w>
        <w>עַל־</w>
        <w>שֵׁ֥בֶר</w>
        <w>יוֹסֵֽף</w>
      </v>
      <v n="7">
        <w>לָכֵ֛ן</w>
        <w>עַתָּ֥ה</w>
        <w>יִגְל֖וּ</w>
        <w>בְּרֹ֣אשׁ</w>
        <w>גֹּלִ֑ים</w>
        <w>וְסָ֖ר</w>
        <w>מִרְזַ֥ח</w>
        <w>סְרוּחִֽים׃</w>
        <pe/>
      </v>
      <v n="8">
        <w>נִשְׁבַּע֩</w>
        <w>אֲדֹנָ֨י</w>
        <w>יְהוִ֜ה</w>
        <w>בְּנַפְשׁ֗וֹ</w>
        <w>נְאֻם־</w>
        <w>יְהוָה֙</w>
        <w>אֱלֹהֵ֣י</w>
        <w>צְבָא֔וֹת</w>
        <w>מְתָאֵ֤ב</w>
        <w>אָֽנֹכִי֙</w>
        <w>אֶת־</w>
        <w>גְּא֣וֹן</w>
        <w>יַֽעֲקֹ֔ב</w>
        <w>וְאַרְמְנֹתָ֖יו</w>
        <w>שָׂנֵ֑אתִי</w>
        <w>וְהִסְגַּרְתִּ֖י</w>
        <w>עִ֥יר</w>
        <w>וּמְלֹאָֽהּ׃</w>
      </v>
      <v n="9">
        <w>וְהָיָ֗ה</w>
        <w>אִם־</w>
        <w>יִוָּ֨תְר֜וּ</w>
        <w>עֲשָׂרָ֧ה</w>
        <w>אֲנָשִׁ֛ים</w>
        <w>בְּבַ֥יִת</w>
        <w>אֶחָ֖ד</w>
        <w>וָמֵֽתוּ׃</w>
      </v>
      <v n="10">
        <w>וּנְשָׂא֞וֹ</w>
        <w>דּוֹד֣וֹ</w>
        <w>וּמְסָרְפ֗וֹ</w>
        <w>לְהוֹצִ֣יא</w>
        <w>עֲצָמִים֮</w>
        <w>מִן־</w>
        <w>הַבַּיִת֒</w>
        <w>וְאָמַ֞ר</w>
        <w>לַאֲשֶׁ֨ר</w>
        <w>בְּיַרְכְּתֵ֥י</w>
        <w>הַבַּ֛יִת</w>
        <w>הַע֥וֹד</w>
        <w>עִמָּ֖ךְ</w>
        <w>וְאָמַ֣ר</w>
        <w>אָ֑פֶס</w>
        <w>וְאָמַ֣ר</w>
        <w>הָ֔ס</w>
        <w>כִּ֛י</w>
        <w>לֹ֥א</w>
        <w>לְהַזְכִּ֖יר</w>
        <w>בְּשֵׁ֥ם</w>
        <w>יְהוָֽה׃</w>
      </v>
      <v n="11">
        <w>כִּֽי־</w>
        <w>הִנֵּ֤ה</w>
        <w>יְהוָה֙</w>
        <w>מְצַוֶּ֔ה</w>
        <w>וְהִכָּ֛ה</w>
        <w>הַבַּ֥יִת</w>
        <w>הַגָּד֖וֹל</w>
        <w>רְסִיסִ֑ים</w>
        <w>וְהַבַּ֥יִת</w>
        <w>הַקָּטֹ֖ן</w>
        <w>בְּקִעִֽים׃</w>
      </v>
      <v n="12">
        <w>הַיְרֻצ֤וּן</w>
        <w>בַּסֶּ֙לַע֙</w>
        <w>סוּסִ֔ים</w>
        <w>אִֽם־</w>
        <w>יַחֲר֖וֹשׁ</w>
        <w>בַּבְּקָרִ֑ים</w>
        <w>כִּֽי־</w>
        <w>הֲפַכְתֶּ֤ם</w>
        <w>לְרֹאשׁ֙</w>
        <w>מִשְׁפָּ֔ט</w>
        <w>וּפְרִ֥י</w>
        <w>צְדָקָ֖ה</w>
        <w>לְלַעֲנָֽה׃</w>
      </v>
      <v n="13">
        <w>הַשְּׂמֵחִ֖ים</w>
        <w>לְלֹ֣א</w>
        <w>דָבָ֑ר</w>
        <w>הָאֹ֣מְרִ֔ים</w>
        <w>הֲל֣וֹא</w>
        <w>בְחָזְקֵ֔נוּ</w>
        <w>לָקַ֥חְנוּ</w>
        <w>לָ֖נוּ</w>
        <w>קַרְנָֽיִם׃</w>
      </v>
      <v n="14">
        <w>כִּ֡י</w>
        <w>הִנְנִי֩</w>
        <w>מֵקִ֨ים</w>
        <w>עֲלֵיכֶ֜ם</w>
        <w>בֵּ֣ית</w>
        <w>יִשְׂרָאֵ֗ל</w>
        <w>נְאֻם־</w>
        <w>יְהוָ֛ה</w>
        <w>אֱלֹהֵ֥י</w>
        <w>הַצְּבָא֖וֹת</w>
        <w>גּ֑וֹי</w>
        <w>וְלָחֲצ֥וּ</w>
        <w>אֶתְכֶ֛ם</w>
        <w>מִלְּב֥וֹא</w>
        <w>חֲמָ֖ת</w>
        <w>עַד־</w>
        <w>נַ֥חַל</w>
        <w>הָעֲרָבָֽה׃</w>
        <samekh/>
      </v>
      <vs>14</vs>
    </c>
    <c n="7">
      <v n="1">
        <w>כֹּ֤ה</w>
        <w>הִרְאַ֙נִי֙</w>
        <w>אֲדֹנָ֣י</w>
        <w>יְהוִ֔ה</w>
        <w>וְהִנֵּה֙</w>
        <w>יוֹצֵ֣ר</w>
        <w>גֹּבַ֔י</w>
        <w>בִּתְחִלַּ֖ת</w>
        <w>עֲל֣וֹת</w>
        <w>הַלָּ֑קֶשׁ</w>
        <w>וְהִ֨נֵּה־</w>
        <w>לֶ֔קֶשׁ</w>
        <w>אַחַ֖ר</w>
        <w>גִּזֵּ֥י</w>
        <w>הַמֶּֽלֶךְ׃</w>
      </v>
      <v n="2">
        <w>וְהָיָ֗ה</w>
        <w>אִם־</w>
        <w>כִּלָּה֙</w>
        <w>לֶֽאֱכוֹל֙</w>
        <w>אֶת־</w>
        <w>עֵ֣שֶׂב</w>
        <w>הָאָ֔רֶץ</w>
        <w>וָאֹמַ֗ר</w>
        <w>אֲדֹנָ֤י</w>
        <w>יְהוִה֙</w>
        <w>סְֽלַֽח־</w>
        <w>נָ֔א</w>
        <w>מִ֥י</w>
        <w>יָק֖וּם</w>
        <w>יַֽעֲקֹ֑ב</w>
        <w>כִּ֥י</w>
        <w>קָטֹ֖ן</w>
        <w>הֽוּא׃</w>
      </v>
      <v n="3">
        <w>נִחַ֥ם</w>
        <w>יְהוָ֖ה</w>
        <w>עַל־</w>
        <w>זֹ֑את</w>
        <w>לֹ֥א</w>
        <w>תִהְיֶ֖ה</w>
        <w>אָמַ֥ר</w>
        <w>יְהוָֽה׃</w>
      </v>
      <v n="4">
        <w>כֹּ֤ה</w>
        <w>הִרְאַ֙נִי֙</w>
        <w>אֲדֹנָ֣י</w>
        <w>יְהוִ֔ה</w>
        <w>וְהִנֵּ֥ה</w>
        <w>קֹרֵ֛א</w>
        <w>לָרִ֥ב</w>
        <w>בָּאֵ֖שׁ</w>
        <w>אֲדֹנָ֣י</w>
        <w>יְהוִ֑ה</w>
        <w>וַתֹּ֙אכַל֙</w>
        <w>אֶת־</w>
        <w>תְּה֣וֹם</w>
        <w>רַבָּ֔ה</w>
        <w>וְאָכְלָ֖ה</w>
        <w>אֶת־</w>
        <w>הַחֵֽלֶק׃</w>
      </v>
      <v n="5">
        <w>וָאֹמַ֗ר</w>
        <w>אֲדֹנָ֤י</w>
        <w>יְהוִה֙</w>
        <w>חֲדַל־</w>
        <w>נָ֔א</w>
        <w>מִ֥י</w>
        <w>יָק֖וּם</w>
        <w>יַעֲקֹ֑ב</w>
        <w>כִּ֥י</w>
        <w>קָטֹ֖ן</w>
        <w>הֽוּא׃</w>
      </v>
      <v n="6">
        <w>נִחַ֥ם</w>
        <w>יְהוָ֖ה</w>
        <w>עַל־</w>
        <w>זֹ֑את</w>
        <w>גַּם־</w>
        <w>הִיא֙</w>
        <w>לֹ֣א</w>
        <w>תִֽהְיֶ֔ה</w>
        <w>אָמַ֖ר</w>
        <w>אֲדֹנָ֥י</w>
        <w>יְהוִֽה׃</w>
        <samekh/>
      </v>
      <v n="7">
        <w>כֹּ֣ה</w>
        <w>הִרְאַ֔נִי</w>
        <w>וְהִנֵּ֧ה</w>
        <w>אֲדֹנָ֛י</w>
        <w>נִצָּ֖ב</w>
        <w>עַל־</w>
        <w>חוֹמַ֣ת</w>
        <w>אֲנָ֑ךְ</w>
        <w>וּבְיָד֖וֹ</w>
        <w>אֲנָֽךְ׃</w>
      </v>
      <v n="8">
        <w>וַיֹּ֨אמֶר</w>
        <w>יְהוָ֜ה</w>
        <w>אֵלַ֗י</w>
        <w>מָֽה־</w>
        <w>אַתָּ֤ה</w>
        <w>רֹאֶה֙</w>
        <w>עָמ֔וֹס</w>
        <w>וָאֹמַ֖ר</w>
        <w>אֲנָ֑ךְ</w>
        <w>וַיֹּ֣אמֶר</w>
        <w>אֲדֹנָ֗י</w>
        <w>הִנְנִ֨י</w>
        <w>שָׂ֤ם</w>
        <w>אֲנָךְ֙</w>
        <w>בְּקֶ֙רֶב֙</w>
        <w>עַמִּ֣י</w>
        <w>יִשְׂרָאֵ֔ל</w>
        <w>לֹֽא־</w>
        <w>אוֹסִ֥יף</w>
        <w>ע֖וֹד</w>
        <w>עֲב֥וֹר</w>
        <w>לֽוֹ׃</w>
      </v>
      <v n="9">
        <w>וְנָשַׁ֙מּוּ֙</w>
        <w>בָּמ֣וֹת</w>
        <w>יִשְׂחָ֔ק</w>
        <w>וּמִקְדְּשֵׁ֥י</w>
        <w>יִשְׂרָאֵ֖ל</w>
        <w>יֶחֱרָ֑בוּ</w>
        <w>וְקַמְתִּ֛י</w>
        <w>עַל־</w>
        <w>בֵּ֥ית</w>
        <w>יָרָבְעָ֖ם</w>
        <w>בֶּחָֽרֶב׃</w>
        <pe/>
      </v>
      <v n="10">
        <w>וַיִּשְׁלַ֗ח</w>
        <w>אֲמַצְיָה֙</w>
        <w>כֹּהֵ֣ן</w>
        <w>בֵּֽית־</w>
        <w>אֵ֔ל</w>
        <w>אֶל־</w>
        <w>יָרָבְעָ֥ם</w>
        <w>מֶֽלֶךְ־</w>
        <w>יִשְׂרָאֵ֖ל</w>
        <w>לֵאמֹ֑ר</w>
        <w>קָשַׁ֨ר</w>
        <w>עָלֶ֜יךָ</w>
        <w>עָמ֗וֹס</w>
        <w>בְּקֶ֙רֶב֙</w>
        <w>בֵּ֣ית</w>
        <w>יִשְׂרָאֵ֔ל</w>
        <w>לֹא־</w>
        <w>תוּכַ֣ל</w>
        <w>הָאָ֔רֶץ</w>
        <w>לְהָכִ֖יל</w>
        <w>אֶת־</w>
        <w>כָּל־</w>
        <w>דְּבָרָֽיו׃</w>
      </v>
      <v n="11">
        <w>כִּי־</w>
        <w>כֹה֙</w>
        <w>אָמַ֣ר</w>
        <w>עָמ֔וֹס</w>
        <w>בַּחֶ֖רֶב</w>
        <w>יָמ֣וּת</w>
        <w>יָרָבְעָ֑ם</w>
        <w>וְיִ֨שְׂרָאֵ֔ל</w>
        <w>גָּלֹ֥ה</w>
        <w>יִגְלֶ֖ה</w>
        <w>מֵעַ֥ל</w>
        <w>אַדְמָתֽוֹ׃</w>
        <samekh/>
      </v>
      <v n="12">
        <w>וַיֹּ֤אמֶר</w>
        <w>אֲמַצְיָה֙</w>
        <w>אֶל־</w>
        <w>עָמ֔וֹס</w>
        <w>חֹזֶ֕ה</w>
        <w>לֵ֥ךְ</w>
        <w>בְּרַח־</w>
        <w>לְךָ֖</w>
        <w>אֶל־</w>
        <w>אֶ֣רֶץ</w>
        <w>יְהוּדָ֑ה</w>
        <w>וֶאֱכָל־</w>
        <w>שָׁ֣ם</w>
        <w>לֶ֔חֶם</w>
        <w>וְשָׁ֖ם</w>
        <w>תִּנָּבֵֽא׃</w>
      </v>
      <v n="13">
        <w>וּבֵֽית־</w>
        <w>אֵ֔ל</w>
        <w>לֹֽא־</w>
        <w>תוֹסִ֥יף</w>
        <w>ע֖וֹד</w>
        <w>לְהִנָּבֵ֑א</w>
        <w>כִּ֤י</w>
        <w>מִקְדַּשׁ־</w>
        <w>מֶ֙לֶךְ֙</w>
        <w>ה֔וּא</w>
        <w>וּבֵ֥ית</w>
        <w>מַמְלָכָ֖ה</w>
        <w>הֽוּא׃</w>
        <samekh/>
      </v>
      <v n="14">
        <w>וַיַּ֤עַן</w>
        <w>עָמוֹס֙</w>
        <w>וַיֹּ֣אמֶר</w>
        <w>אֶל־</w>
        <w>אֲמַצְיָ֔ה</w>
        <w>לֹא־</w>
        <w>נָבִ֣יא</w>
        <w>אָנֹ֔כִי</w>
        <w>וְלֹ֥א</w>
        <w>בֶן־</w>
        <w>נָבִ֖יא</w>
        <w>אָנֹ֑כִי</w>
        <w>כִּֽי־</w>
        <w>בוֹקֵ֥ר</w>
        <w>אָנֹ֖כִי</w>
        <w>וּבוֹלֵ֥ס</w>
        <w>שִׁקְמִֽים׃</w>
      </v>
      <v n="15">
        <w>וַיִּקָּחֵ֣נִי</w>
        <w>יְהוָ֔ה</w>
        <w>מֵאַחֲרֵ֖י</w>
        <w>הַצֹּ֑אן</w>
        <w>וַיֹּ֤אמֶר</w>
        <w>אֵלַי֙</w>
        <w>יְהוָ֔ה</w>
        <w>לֵ֥ךְ</w>
        <w>הִנָּבֵ֖א</w>
        <w>אֶל־</w>
        <w>עַמִּ֥י</w>
        <w>יִשְׂרָאֵֽל׃</w>
      </v>
      <v n="16">
        <w>וְעַתָּ֖ה</w>
        <w>שְׁמַ֣ע</w>
        <w>דְּבַר־</w>
        <w>יְהוָ֑ה</w>
        <w>אַתָּ֣ה</w>
        <w>אֹמֵ֗ר</w>
        <w>לֹ֤א</w>
        <w>תִנָּבֵא֙</w>
        <w>עַל־</w>
        <w>יִשְׂרָאֵ֔ל</w>
        <w>וְלֹ֥א</w>
        <w>תַטִּ֖יף</w>
        <w>עַל־</w>
        <w>בֵּ֥ית</w>
        <w>יִשְׂחָֽק׃</w>
      </v>
      <v n="17">
        <w>לָכֵ֞ן</w>
        <w>כֹּה־</w>
        <w>אָמַ֣ר</w>
        <w>יְהוָ֗ה</w>
        <w>אִשְׁתְּךָ֞</w>
        <w>בָּעִ֤יר</w>
        <w>תִּזְנֶה֙</w>
        <w>וּבָנֶ֤יךָ</w>
        <w>וּבְנֹתֶ֙יךָ֙</w>
        <w>בַּחֶ֣רֶב</w>
        <w>יִפֹּ֔לוּ</w>
        <w>וְאַדְמָתְךָ֖</w>
        <w>בַּחֶ֣בֶל</w>
        <w>תְּחֻלָּ֑ק</w>
        <w>וְאַתָּ֗ה</w>
        <w>עַל־</w>
        <w>אֲדָמָ֤ה</w>
        <w>טְמֵאָה֙</w>
        <w>תָּמ֔וּת</w>
        <w>וְיִ֨שְׂרָאֵ֔ל</w>
        <w>גָּלֹ֥ה</w>
        <w>יִגְלֶ֖ה</w>
        <w>מֵעַ֥ל</w>
        <w>אַדְמָתֽוֹ׃</w>
        <samekh/>
      </v>
      <vs>17</vs>
    </c>
    <c n="8">
      <v n="1">
        <w>כֹּ֥ה</w>
        <w>הִרְאַ֖נִי</w>
        <w>אֲדֹנָ֣י</w>
        <w>יְהוִ֑ה</w>
        <w>וְהִנֵּ֖ה</w>
        <w>כְּל֥וּב</w>
        <w>קָֽיִץ׃</w>
      </v>
      <v n="2">
        <w>וַיֹּ֗אמֶר</w>
        <w>מָֽה־</w>
        <w>אַתָּ֤ה</w>
        <w>רֹאֶה֙</w>
        <w>עָמ֔וֹס</w>
        <w>וָאֹמַ֖ר</w>
        <w>כְּל֣וּב</w>
        <w>קָ֑יִץ</w>
        <w>וַיֹּ֨אמֶר</w>
        <w>יְהוָ֜ה</w>
        <w>אֵלַ֗י</w>
        <w>בָּ֤א</w>
        <w>הַקֵּץ֙</w>
        <w>אֶל־</w>
        <w>עַמִּ֣י</w>
        <w>יִשְׂרָאֵ֔ל</w>
        <w>לֹא־</w>
        <w>אוֹסִ֥יף</w>
        <w>ע֖וֹד</w>
        <w>עֲב֥וֹר</w>
        <w>לֽוֹ׃</w>
      </v>
      <v n="3">
        <w>וְהֵילִ֜ילוּ</w>
        <w>שִׁיר֤וֹת</w>
        <w>הֵיכָל֙</w>
        <w>בַּיּ֣וֹם</w>
        <w>הַה֔וּא</w>
        <w>נְאֻ֖ם</w>
        <w>אֲדֹנָ֣י</w>
        <w>יְהוִ֑ה</w>
        <w>רַ֣ב</w>
        <w>הַפֶּ֔גֶר</w>
        <w>בְּכָל־</w>
        <w>מָק֖וֹם</w>
        <w>הִשְׁלִ֥יךְ</w>
        <w>הָֽס׃</w>
        <pe/>
      </v>
      <v n="4">
        <w>שִׁמְעוּ־</w>
        <w>זֹ֕את</w>
        <w>הַשֹּׁאֲפִ֖ים</w>
        <w>אֶבְי֑וֹן</w>
        <w>וְלַשְׁבִּ֖ית</w>
        <k>ענוי־</k>
        <q>עֲנִיֵּי־</q>
        <w>אָֽרֶץ׃</w>
      </v>
      <v n="5">
        <w>לֵאמֹ֗ר</w>
        <w>מָתַ֞י</w>
        <w>יַעֲבֹ֤ר</w>
        <w>הַחֹ֙דֶשׁ֙</w>
        <w>וְנַשְׁבִּ֣ירָה</w>
        <w>שֶּׁ֔בֶר</w>
        <w>וְהַשַּׁבָּ֖ת</w>
        <w>וְנִפְתְּחָה־</w>
        <w>בָּ֑ר</w>
        <w>לְהַקְטִ֤ין</w>
        <w>אֵיפָה֙</w>
        <w>וּלְהַגְדִּ֣יל</w>
        <w>שֶׁ֔קֶל</w>
        <w>וּלְעַוֵּ֖ת</w>
        <w>מֹאזְנֵ֥י</w>
        <w>מִרְמָֽה׃</w>
      </v>
      <v n="6">
        <w>לִקְנ֤וֹת</w>
        <w>בַּכֶּ֙סֶף֙</w>
        <w>דַּלִּ֔ים</w>
        <w>וְאֶבְי֖וֹן</w>
        <w>בַּעֲב֣וּר</w>
        <w>נַעֲלָ֑יִם</w>
        <w>וּמַפַּ֥ל</w>
        <w>בַּ֖ר</w>
        <w>נַשְׁבִּֽיר׃</w>
      </v>
      <v n="7">
        <w>נִשְׁבַּ֥ע</w>
        <w>יְהוָ֖ה</w>
        <w>בִּגְא֣וֹן</w>
        <w>יַעֲקֹ֑ב</w>
        <w>אִם־</w>
        <w>אֶשְׁכַּ֥ח</w>
        <w>לָנֶ֖צַח</w>
        <w>כָּל־</w>
        <w>מַעֲשֵׂיהֶֽם׃</w>
      </v>
      <v n="8">
        <w>הַ֤עַל</w>
        <w>זֹאת֙</w>
        <w>לֹֽא־</w>
        <w>תִרְגַּ֣ז</w>
        <w>הָאָ֔רֶץ</w>
        <w>וְאָבַ֖ל</w>
        <w>כָּל־</w>
        <w>יוֹשֵׁ֣ב</w>
        <w>בָּ֑הּ</w>
        <w>וְעָלְתָ֤ה</w>
        <w>כָאֹר֙</w>
        <w>כֻּלָּ֔הּ</w>
        <w>וְנִגְרְשָׁ֥ה</w>
        <k>ונשקה</k>
        <q>וְנִשְׁקְעָ֖ה</q>
        <w>כִּיא֥וֹר</w>
        <w>מִצְרָֽיִם׃</w>
        <samekh/>
      </v>
      <v n="9">
        <w>וְהָיָ֣ה ׀</w>
        <w>בַּיּ֣וֹם</w>
        <w>הַה֗וּא</w>
        <w>נְאֻם֙</w>
        <w>אֲדֹנָ֣י</w>
        <w>יְהוִ֔ה</w>
        <w>וְהֵבֵאתִ֥י</w>
        <w>הַשֶּׁ֖מֶשׁ</w>
        <w>בַּֽצָּהֳרָ֑יִם</w>
        <w>וְהַחֲשַׁכְתִּ֥י</w>
        <w>לָאָ֖רֶץ</w>
        <w>בְּי֥וֹם</w>
        <w>אֽוֹר׃</w>
      </v>
      <v n="10">
        <w>וְהָפַכְתִּ֨י</w>
        <w>חַגֵּיכֶ֜ם</w>
        <w>לְאֵ֗בֶל</w>
        <w>וְכָל־</w>
        <w>שִֽׁירֵיכֶם֙</w>
        <w>לְקִינָ֔ה</w>
        <w>וְהַעֲלֵיתִ֤י</w>
        <w>עַל־</w>
        <w>כָּל־</w>
        <w>מָתְנַ֙יִם֙</w>
        <w>שָׂ֔ק</w>
        <w>וְעַל־</w>
        <w>כָּל־</w>
        <w>רֹ֖אשׁ</w>
        <w>קָרְחָ֑ה</w>
        <w>וְשַׂמְתִּ֙יהָ֙</w>
        <w>כְּאֵ֣בֶל</w>
        <w>יָחִ֔יד</w>
        <w>וְאַחֲרִיתָ֖הּ</w>
        <w>כְּי֥וֹם</w>
        <w>מָֽר׃</w>
      </v>
      <v n="11">
        <w>הִנֵּ֣ה ׀</w>
        <w>יָמִ֣ים</w>
        <w>בָּאִ֗ים</w>
        <w>נְאֻם֙</w>
        <w>אֲדֹנָ֣י</w>
        <w>יְהוִ֔ה</w>
        <w>וְהִשְׁלַחְתִּ֥י</w>
        <w>רָעָ֖ב</w>
        <w>בָּאָ֑רֶץ</w>
        <w>לֹֽא־</w>
        <w>רָעָ֤ב</w>
        <w>לַלֶּ֙חֶם֙</w>
        <w>וְלֹֽא־</w>
        <w>צָמָ֣א</w>
        <w>לַמַּ֔יִם</w>
        <w>כִּ֣י</w>
        <w>אִם־</w>
        <w>לִשְׁמֹ֔עַ</w>
        <w>אֵ֖ת</w>
        <w>דִּבְרֵ֥י</w>
        <w>יְהוָֽה׃</w>
      </v>
      <v n="12">
        <w>וְנָעוּ֙</w>
        <w>מִיָּ֣ם</w>
        <w>עַד־</w>
        <w>יָ֔ם</w>
        <w>וּמִצָּפ֖וֹן</w>
        <w>וְעַד־</w>
        <w>מִזְרָ֑ח</w>
        <w>יְשֽׁוֹטְט֛וּ</w>
        <w>לְבַקֵּ֥שׁ</w>
        <w>אֶת־</w>
        <w>דְּבַר־</w>
        <w>יְהוָ֖ה</w>
        <w>וְלֹ֥א</w>
        <w>יִמְצָֽאוּ׃</w>
      </v>
      <v n="13">
        <w>בַּיּ֨וֹם</w>
        <w>הַה֜וּא</w>
        <w>תִּ֠תְעַלַּפְנָה</w>
        <w>הַבְּתוּלֹ֧ת</w>
        <w>הַיָּפ֛וֹת</w>
        <w>וְהַבַּחוּרִ֖ים</w>
        <w>בַּצָּמָֽא׃</w>
      </v>
      <v n="14">
        <w>הַנִּשְׁבָּעִים֙</w>
        <w>בְּאַשְׁמַ֣ת</w>
        <w>שֹֽׁמְר֔וֹן</w>
        <w>וְאָמְר֗וּ</w>
        <w>חֵ֤י</w>
        <w>אֱלֹהֶ֙יךָ֙</w>
        <w>דָּ֔ן</w>
        <w>וְחֵ֖י</w>
        <w>דֶּ֣רֶךְ</w>
        <w>בְּאֵֽר־</w>
        <w>שָׁ֑בַע</w>
        <w>וְנָפְל֖וּ</w>
        <w>וְלֹא־</w>
        <w>יָק֥וּמוּ</w>
        <w>עֽוֹד׃</w>
        <samekh/>
      </v>
      <vs>14</vs>
    </c>
    <c n="9">
      <v n="1">
        <w>רָאִ֨יתִי</w>
        <w>אֶת־</w>
        <w>אֲדֹנָ֜י</w>
        <w>נִצָּ֣ב</w>
        <w>עַֽל־</w>
        <w>הַמִּזְבֵּ֗חַ</w>
        <w>וַיֹּאמֶר֩</w>
        <w>הַ֨ךְ</w>
        <w>הַכַּפְתּ֜וֹר</w>
        <w>וְיִרְעֲשׁ֣וּ</w>
        <w>הַסִּפִּ֗ים</w>
        <w>וּבְצַ֙עַם֙</w>
        <w>בְּרֹ֣אשׁ</w>
        <w>כֻּלָּ֔ם</w>
        <w>וְאַחֲרִיתָ֖ם</w>
        <w>בַּחֶ֣רֶב</w>
        <w>אֶהֱרֹ֑ג</w>
        <w>לֹֽא־</w>
        <w>יָנ֤וּס</w>
        <w>לָהֶם֙</w>
        <w>נָ֔ס</w>
        <w>וְלֹֽא־</w>
        <w>יִמָּלֵ֥ט</w>
        <w>לָהֶ֖ם</w>
        <w>פָּלִֽיט׃</w>
      </v>
      <v n="2">
        <w>אִם־</w>
        <w>יַחְתְּר֣וּ</w>
        <w>בִשְׁא֔וֹל</w>
        <w>מִשָּׁ֖ם</w>
        <w>יָדִ֣י</w>
        <w>תִקָּחֵ֑ם</w>
        <w>וְאִֽם־</w>
        <w>יַעֲלוּ֙</w>
        <w>הַשָּׁמַ֔יִם</w>
        <w>מִשָּׁ֖ם</w>
        <w>אוֹרִידֵֽם׃</w>
      </v>
      <v n="3">
        <w>וְאִם־</w>
        <w>יֵחָֽבְאוּ֙</w>
        <w>בְּרֹ֣אשׁ</w>
        <w>הַכַּרְמֶ֔ל</w>
        <w>מִשָּׁ֥ם</w>
        <w>אֲחַפֵּ֖שׂ</w>
        <w>וּלְקַחְתִּ֑ים</w>
        <w>וְאִם־</w>
        <w>יִסָּ֨תְר֜וּ</w>
        <w>מִנֶּ֤גֶד</w>
        <w>עֵינַי֙</w>
        <w>בְּקַרְקַ֣ע</w>
        <w>הַיָּ֔ם</w>
        <w>מִשָּׁ֛ם</w>
        <w>אֲצַוֶּ֥ה</w>
        <w>אֶת־</w>
        <w>הַנָּחָ֖שׁ</w>
        <w>וּנְשָׁכָֽם׃</w>
      </v>
      <v n="4">
        <w>וְאִם־</w>
        <w>יֵלְכ֤וּ</w>
        <w>בַשְּׁבִי֙</w>
        <w>לִפְנֵ֣י</w>
        <w>אֹֽיבֵיהֶ֔ם</w>
        <w>מִשָּׁ֛ם</w>
        <w>אֲצַוֶּ֥ה</w>
        <w>אֶת־</w>
        <w>הַחֶ֖רֶב</w>
        <w>וַהֲרָגָ֑תַם</w>
        <w>וְשַׂמְתִּ֨י</w>
        <w>עֵינִ֧י</w>
        <w>עֲלֵיהֶ֛ם</w>
        <w>לְרָעָ֖ה</w>
        <w>וְלֹ֥א</w>
        <w>לְטוֹבָֽה׃</w>
      </v>
      <v n="5">
        <w>וַאדֹנָ֨י</w>
        <w>יְהוִ֜ה</w>
        <w>הַצְּבָא֗וֹת</w>
        <w>הַנּוֹגֵ֤עַ</w>
        <w>בָּאָ֙רֶץ֙</w>
        <w>וַתָּמ֔וֹג</w>
        <w>וְאָבְל֖וּ</w>
        <w>כָּל־</w>
        <w>י֣וֹשְׁבֵי</w>
        <w>בָ֑הּ</w>
        <w>וְעָלְתָ֤ה</w>
        <w>כַיְאֹר֙</w>
        <w>כֻּלָּ֔הּ</w>
        <w>וְשָׁקְעָ֖ה</w>
        <w>כִּיאֹ֥ר</w>
        <w>מִצְרָֽיִם</w>
      </v>
      <v n="6">
        <w>הַבּוֹנֶ֤ה</w>
        <w>בַשָּׁמַ֙יִם֙</w>
        <k>מעלותו</k>
        <q>מַעֲלוֹתָ֔יו</q>
        <w>וַאֲגֻדָּת֖וֹ</w>
        <w>עַל־</w>
        <w>אֶ֣רֶץ</w>
        <w>יְסָדָ֑הּ</w>
        <w>הַקֹּרֵ֣א</w>
        <w>לְמֵֽי־</w>
        <w>הַיָּ֗ם</w>
        <w>וַֽיִּשְׁפְּכֵ֛ם</w>
        <w>עַל־</w>
        <w>פְּנֵ֥י</w>
        <w>הָאָ֖רֶץ</w>
        <w>יְהוָ֥ה</w>
        <w>שְׁמֽוֹ׃</w>
      </v>
      <v n="7">
        <w>הֲל֣וֹא</w>
        <w>כִבְנֵי֩</w>
        <w>כֻשִׁיִּ֨ים</w>
        <w>אַתֶּ֥ם</w>
        <w>לִ֛י</w>
        <w>בְּנֵ֥י</w>
        <w>יִשְׂרָאֵ֖ל</w>
        <w>נְאֻם־</w>
        <w>יְהוָ֑ה</w>
        <w>הֲל֣וֹא</w>
        <w>אֶת־</w>
        <w>יִשְׂרָאֵ֗ל</w>
        <w>הֶעֱלֵ֙יתִי֙</w>
        <w>מֵאֶ֣רֶץ</w>
        <w>מִצְרַ֔יִם</w>
        <w>וּפְלִשְׁתִּיִּ֥ים</w>
        <w>מִכַּפְתּ֖וֹר</w>
        <w>וַאֲרָ֥ם</w>
        <w>מִקִּֽיר׃</w>
      </v>
      <v n="8">
        <w>הִנֵּ֞ה</w>
        <w>עֵינֵ֣י ׀</w>
        <w>אֲדֹנָ֣י</w>
        <w>יְהוִ֗ה</w>
        <w>בַּמַּמְלָכָה֙</w>
        <w>הַֽחַטָּאָ֔ה</w>
        <w>וְהִשְׁמַדְתִּ֣י</w>
        <w>אֹתָ֔הּ</w>
        <w>מֵעַ֖ל</w>
        <w>פְּנֵ֣י</w>
        <w>הָאֲדָמָ֑ה</w>
        <w>אֶ֗פֶס</w>
        <w>כִּ֠י</w>
        <w>לֹ֣א</w>
        <w>הַשְׁמֵ֥יד</w>
        <w>אַשְׁמִ֛יד</w>
        <w>אֶת־</w>
        <w>בֵּ֥ית</w>
        <w>יַעֲקֹ֖ב</w>
        <w>נְאֻם־</w>
        <w>יְהוָֽה׃</w>
      </v>
      <v n="9">
        <w>כִּֽי־</w>
        <w>הִנֵּ֤ה</w>
        <w>אָֽנֹכִי֙</w>
        <w>מְצַוֶּ֔ה</w>
        <w>וַהֲנִע֥וֹתִי</w>
        <w>בְכָֽל־</w>
        <w>הַגּוֹיִ֖ם</w>
        <w>אֶת־</w>
        <w>בֵּ֣ית</w>
        <w>יִשְׂרָאֵ֑ל</w>
        <w>כַּאֲשֶׁ֤ר</w>
        <w>יִנּ֙וֹעַ֙</w>
        <w>בַּכְּבָרָ֔ה</w>
        <w>וְלֹֽא־</w>
        <w>יִפּ֥וֹל</w>
        <w>צְר֖וֹר</w>
        <w>אָֽרֶץ׃</w>
      </v>
      <v n="10">
        <w>בַּחֶ֣רֶב</w>
        <w>יָמ֔וּתוּ</w>
        <w>כֹּ֖ל</w>
        <w>חַטָּאֵ֣י</w>
        <w>עַמִּ֑י</w>
        <w>הָאֹמְרִ֗ים</w>
        <w>לֹֽא־</w>
        <w>תַגִּ֧ישׁ</w>
        <w>וְתַקְדִּ֛ים</w>
        <w>בַּעֲדֵ֖ינוּ</w>
        <w>הָרָעָֽה׃</w>
      </v>
      <v n="11">
        <w>בַּיּ֣וֹם</w>
        <w>הַה֔וּא</w>
        <w>אָקִ֛ים</w>
        <w>אֶת־</w>
        <w>סֻכַּ֥ת</w>
        <w>דָּוִ֖יד</w>
        <w>הַנֹּפֶ֑לֶת</w>
        <w>וְגָדַרְתִּ֣י</w>
        <w>אֶת־</w>
        <w>פִּרְצֵיהֶ֗ן</w>
        <w>וַהֲרִֽסֹתָיו֙</w>
        <w>אָקִ֔ים</w>
        <w>וּבְנִיתִ֖יהָ</w>
        <w>כִּימֵ֥י</w>
        <w>עוֹלָֽם׃</w>
      </v>
      <v n="12">
        <w>לְמַ֨עַן</w>
        <w>יִֽירְשׁ֜וּ</w>
        <w>אֶת־</w>
        <w>שְׁאֵרִ֤ית</w>
        <w>אֱדוֹם֙</w>
        <w>וְכָל־</w>
        <w>הַגּוֹיִ֔ם</w>
        <w>אֲשֶׁר־</w>
        <w>נִקְרָ֥א</w>
        <w>שְׁמִ֖י</w>
        <w>עֲלֵיהֶ֑ם</w>
        <w>נְאֻם־</w>
        <w>יְהוָ֖ה</w>
        <w>עֹ֥שֶׂה</w>
        <w>זֹּֽאת׃</w>
        <pe/>
      </v>
      <v n="13">
        <w>הִנֵּ֨ה</w>
        <w>יָמִ֤ים</w>
        <w>בָּאִים֙</w>
        <w>נְאֻם־</w>
        <w>יְהוָ֔ה</w>
        <w>וְנִגַּ֤שׁ</w>
        <w>חוֹרֵשׁ֙</w>
        <w>בַּקֹּצֵ֔ר</w>
        <w>וְדֹרֵ֥ךְ</w>
        <w>עֲנָבִ֖ים</w>
        <w>בְּמֹשֵׁ֣ךְ</w>
        <w>הַזָּ֑רַע</w>
        <w>וְהִטִּ֤יפוּ</w>
        <w>הֶֽהָרִים֙</w>
        <w>עָסִ֔יס</w>
        <w>וְכָל־</w>
        <w>הַגְּבָע֖וֹת</w>
        <w>תִּתְמוֹגַֽגְנָה׃</w>
      </v>
      <v n="14">
        <w>וְשַׁבְתִּי֮</w>
        <w>אֶת־</w>
        <w>שְׁב֣וּת</w>
        <w>עַמִּ֣י</w>
        <w>יִשְׂרָאֵל֒</w>
        <w>וּבָנ֞וּ</w>
        <w>עָרִ֤ים</w>
        <w>נְשַׁמּוֹת֙</w>
        <w>וְיָשָׁ֔בוּ</w>
        <w>וְנָטְע֣וּ</w>
        <w>כְרָמִ֔ים</w>
        <w>וְשָׁת֖וּ</w>
        <w>אֶת־</w>
        <w>יֵינָ֑ם</w>
        <w>וְעָשׂ֣וּ</w>
        <w>גַנּ֔וֹת</w>
        <w>וְאָכְל֖וּ</w>
        <w>אֶת־</w>
        <w>פְּרִיהֶֽם׃</w>
      </v>
      <v n="15">
        <w>וּנְטַעְתִּ֖ים</w>
        <w>עַל־</w>
        <w>אַדְמָתָ֑ם</w>
        <w>וְלֹ֨א</w>
        <w>יִנָּתְשׁ֜וּ</w>
        <w>ע֗וֹד</w>
        <w>מֵעַ֤ל</w>
        <w>אַדְמָתָם֙</w>
        <w>אֲשֶׁ֣ר</w>
        <w>נָתַ֣תִּי</w>
        <w>לָהֶ֔ם</w>
        <w>אָמַ֖ר</w>
        <w>יְהוָ֥ה</w>
        <w>אֱלֹהֶֽיךָ׃</w>
      </v>
      <vs>15</vs>
    </c>
    <vs>146</vs>
    <cs>9</cs>
  </book>
</tanach>
<notes>
  <note>
    <code>4</code>
    <gccode>4</gccode>
    <note>Puncta extraordinaria -- an x05c4 is used to mark such marks in the text when they are above the line and an x05c5 when they are below the line. </note>
  </note>
  <note>
    <code>5</code>
    <gccode>5</gccode>
    <note>Large letter(s). Shown as large letters.</note>
  </note>
  <note>
    <code>6</code>
    <gccode>6</gccode>
    <note>Small letter(s). Shown as small letters.</note>
  </note>
  <note>
    <code>7</code>
    <gccode>7</gccode>
    <note>Suspended letter(s). Shown as suspended letters.</note>
  </note>
  <note>
    <code>8</code>
    <gccode>8</gccode>
    <note>Inverted nun in the text.</note>
  </note>
  <note>
    <code>c</code>
    <gccode>c</gccode>
    <note>Text is correct relative to LC. Usually this marks a peculiarity of the LC relative to the other Masoretic texts.</note>
  </note>
  <note>
    <code>t</code>
    <gccode>t</gccode>
    <note>Transcription uncertain. Examine the LC image for other possible readings.</note>
  </note>
  <note>
    <code>X</code>
    <gccode>X</gccode>
    <note>This verse does NOT occur in the Leningrad Codex. Included for continuity of verse numbering.</note>
  </note>
</notes>
</Tanach>