<?xml version="1.0" encoding="UTF-8"?><!-- Copyright C.V.Kimball 2013 --><Tanach xmlns:xsi="http://www.w3.org/2001/XMLSchema-instance" xsi:noNamespaceSchemaLocation="../XSL/Tanach.xsd">
<teiHeader>
  <fileDesc>
    <titleStmt>
      <title level="s" type="uniform">Tanach</title>
      <title level="s" type="uniformhebrew">תנ״ך</title>
      <title level="s" type="main">Unicode/XML Leningrad Codex</title>
      <title level="a" type="main">Habakkuk</title>
      <title level="a" type="mainhebrew">חבקוק</title>
      <title level="a" type="filename">Habakkuk</title>
      <editor>Shemu'el ben Ya'akov</editor>
      <editor>Aharon ben-Mosheh ben-Asher</editor>
      <respStmt>
        <resp>Publisher:</resp>
        <name>Christopher V. Kimball</name>
        <name type="email">mail@cvkimball.com</name>
      </respStmt>
    </titleStmt>
    <editionStmt>
      <edition>Unicode/XML Leningrad Codex (UXLC)
        <version>UXLC 1.6</version>
        <date>19 Oct 2022</date>
        <build>26.7</build>
        <buildDateTime>19 Aug 2022 06:58</buildDateTime>
      </edition>
<respStmt>
<resp>WLC2XML[1 Oct 2021] - Transcription from Michigan-Claremont encoding to Unicode with XML markings. See details in notes.</resp>
<resp>ScanReplace/EditWLC[30 Dec 2020] - Edits/removes transcription notes; removes MDs.</resp><resp>ScanReplace/InsertCGJs[29 Dec 2020] - Places CGJ in Jerusalem VUV words and leading metegs.</resp><resp>Updater[20 Jul 2022] - Changes.xml file dated 2020.02.19 . </resp><resp>Updater[20 Jul 2022] - Changes.xml file dated 2020.10.19 . </resp><resp>Updater[20 Jul 2022] - Changes.xml file dated 2021.04.01 . </resp><resp>Updater[20 Jul 2022] - Changes.xml file dated 2021.10.19 . </resp><resp>Updater[20 Jul 2022] - Changes.xml file dated 2022.04.01 . </resp><resp>Updater[20 Jul 2022] - Changes.xml file dated 2022.07.04 . </resp><resp>Updater[20 Jul 2022] - Changes.xml file dated 2022.10.19 . </resp></respStmt>
    </editionStmt>
    <extent>29952</extent>
    <publicationStmt>
      <distributor>Via web site:
        <name>Christopher V. Kimball</name>
        <name type="url">https://www.tanach.us/Tanach.xml</name>
        <name type="email">mail@cvkimball.com</name>
      </distributor>
      <availability status="free">Freely available</availability>
    </publicationStmt>
    <notesStmt>
      <note>The original text file wlc420_ps.txt was provided by the Groves Center. 
The file has the MD5 hash: d31a 6a6e 9afa bf82 272c 2efb 0522 a12e 
and was dated 25 Jan 2016. Six transcription notes (5,7,F) have been moved to the noted character (Lev 11:42.4, Judg 18:30.11, Isa 9.6.1, Ps 80:14.3, Job 38:13.5, Job 38:15.2) to produce the file wlc420_ps_td.txt for conversion to Unicode and XML by the program WLC2XML. The only other changes to the Groves Center text are: The book names in English and Hebrew of the Jewish Publication Society Tanach and book abbreviations from the New Revised Standard Version have been added. MC code 32 added as atnah hafukh by Steve Salisbury, 30 Sep 2021. The atnah hafukh codepoint, x05a2, has been added to the character table; it does not appear in WLC 4.20. </note>
    </notesStmt>
    <sourceDesc>
      <biblItem>
        <title>Hebrew Bible</title>
        <title>Leningrad Codex</title>
        <editor>Shemu'el ben Ya'akov</editor>
        <editor>Aharon ben-Mosheh ben-Asher</editor>
        <edition>Original document</edition>
        <imprint>
          <publisher>Russian National Library (Saltykov-Shchedrin)</publisher>
          <pubPlace>St. Petersburg (Leningrad)</pubPlace>
          <date>1008</date>
        </imprint>
        <idno type="Accession">Firkovich B 19 A</idno>
      </biblItem>
      <biblItem>
        <title>The Leningrad Codex - A Facsimile Edition</title>
        <editor>Freedman, David Noel</editor>
        <editor>Beck, Astrid B.</editor>
        <edition>First</edition>
        <imprint>
          <publisher>Wm. B. Eerdmans Publishing Co.</publisher>
          <pubPlace>Grand Rapids, MI</pubPlace>
          <date>1998</date>
        </imprint>
        <idno type="IBSN">0-8028-3786-7</idno>
      </biblItem>
      <biblItem>
        <title>The Westminster Leningrad Codex</title>
        <editor>Salisbury, Stephen K.</editor>
        <edition>WLC 4.20</edition>
        <imprint>
          <publisher>The J. Alan Groves Center for Advanced Biblical Research ("Groves Center").</publisher>
          <pubPlace>2960 Church Rd.</pubPlace>
          <pubPlace>Glenside, PA 19038</pubPlace>
          <date>25 January 2016</date>
        </imprint>
        <idno type="Unknown"/>
      </biblItem>
    </sourceDesc>
  </fileDesc>
  <encodingDesc>
  </encodingDesc>
  <profileDesc>
    <creation>From WLC 4.20 provided by the Groves Center.</creation>
    <date>25 Jan 2016</date>
    <langUsage>
      <language ident="HE">Hebrew</language>
    </langUsage>
  </profileDesc>
</teiHeader>
<tanach>
  <book>
    <names>
      <name>Habakkuk</name>
      <abbrev>Hab</abbrev>
      <number>22</number>
      <filename>Habakkuk</filename>
      <hebrewname>חבקוק</hebrewname>
    </names>
    <c n="1">
      <v n="1">
        <w>הַמַּשָׂא֙</w>
        <w>אֲשֶׁ֣ר</w>
        <w>חָזָ֔ה</w>
        <w>חֲבַקּ֖וּק</w>
        <w>הַנָּבִֽיא׃</w>
      </v>
      <v n="2">
        <w>עַד־</w>
        <w>אָ֧נָה</w>
        <w>יְהוָ֛ה</w>
        <w>שִׁוַּ֖עְתִּי</w>
        <w>וְלֹ֣א</w>
        <w>תִשְׁמָ֑ע</w>
        <w>אֶזְעַ֥ק</w>
        <w>אֵלֶ֛יךָ</w>
        <w>חָמָ֖ס</w>
        <w>וְלֹ֥א</w>
        <w>תוֹשִֽׁיעַ׃</w>
      </v>
      <v n="3">
        <w>לָ֣מָּה</w>
        <w>תַרְאֵ֤נִי</w>
        <w>אָ֙וֶן֙</w>
        <w>וְעָמָ֣ל</w>
        <w>תַּבִּ֔יט</w>
        <w>וְשֹׁ֥ד</w>
        <w>וְחָמָ֖ס</w>
        <w>לְנֶגְדִּ֑י</w>
        <w>וַיְהִ֧י</w>
        <w>רִ֦יב</w>
        <w>וּמָד֖וֹן</w>
        <w>יִשָּֽׂא׃</w>
      </v>
      <v n="4">
        <w>עַל־</w>
        <w>כֵּן֙</w>
        <w>תָּפ֣וּג</w>
        <w>תּוֹרָ֔ה</w>
        <w>וְלֹֽא־</w>
        <w>יֵצֵ֥א</w>
        <w>לָנֶ֖צַח</w>
        <w>מִשְׁפָּ֑ט</w>
        <w>כִּ֤י</w>
        <w>רָשָׁע֙</w>
        <w>מַכְתִּ֣יר</w>
        <w>אֶת־</w>
        <w>הַצַּדִּ֔יק</w>
        <w>עַל־</w>
        <w>כֵּ֛ן</w>
        <w>יֵצֵ֥א</w>
        <w>מִשְׁפָּ֖ט</w>
        <w>מְעֻקָּֽל׃</w>
      </v>
      <v n="5">
        <w>רְא֤וּ</w>
        <w>בַגּוֹיִם֙</w>
        <w>וְֽהַבִּ֔יטוּ</w>
        <w>וְהִֽתַּמְּה֖וּ</w>
        <w>תְּמָ֑הוּ</w>
        <w>כִּי־</w>
        <w>פֹ֙עַל֙</w>
        <w>פֹּעֵ֣ל</w>
        <w>בִּֽימֵיכֶ֔ם</w>
        <w>לֹ֥א</w>
        <w>תַאֲמִ֖ינוּ</w>
        <w>כִּ֥י</w>
        <w>יְסֻפָּֽר׃</w>
      </v>
      <v n="6">
        <w>כִּֽי־</w>
        <w>הִנְנִ֤י</w>
        <w>מֵקִים֙</w>
        <w>אֶת־</w>
        <w>הַכַּשְׂדִּ֔ים</w>
        <w>הַגּ֖וֹי</w>
        <w>הַמַּ֣ר</w>
        <w>וְהַנִּמְהָ֑ר</w>
        <w>הַֽהוֹלֵךְ֙</w>
        <w>לְמֶרְחֲבֵי־</w>
        <w>אֶ֔רֶץ</w>
        <w>לָרֶ֖שֶׁת</w>
        <w>מִשְׁכָּנ֥וֹת</w>
        <w>לֹּא־</w>
        <w>לֽוֹ׃</w>
      </v>
      <v n="7">
        <w>אָיֹ֥ם</w>
        <w>וְנוֹרָ֖א</w>
        <w>ה֑וּא</w>
        <w>מִמֶּ֕נּוּ</w>
        <w>מִשְׁפָּט֥וֹ</w>
        <w>וּשְׂאֵת֖וֹ</w>
        <w>יֵצֵֽא׃</w>
      </v>
      <v n="8">
        <w>וְקַלּ֨וּ</w>
        <w>מִנְּמֵרִ֜ים</w>
        <w>סוּסָ֗יו</w>
        <w>וְחַדּוּ֙</w>
        <w>מִזְּאֵ֣בֵי</w>
        <w>עֶ֔רֶב</w>
        <w>וּפָ֖שׁוּ</w>
        <w>פָּֽרָשָׁ֑יו</w>
        <w>וּפָֽרָשָׁיו֙</w>
        <w>מֵרָח֣וֹק</w>
        <w>יָבֹ֔אוּ</w>
        <w>יָעֻ֕פוּ</w>
        <w>כְּנֶ֖שֶׁר</w>
        <w>חָ֥שׁ</w>
        <w>לֶאֱכֽוֹל׃</w>
      </v>
      <v n="9">
        <w>כֻּלֹּה֙</w>
        <w>לְחָמָ֣ס</w>
        <w>יָב֔וֹא</w>
        <w>מְגַמַּ֥ת</w>
        <w>פְּנֵיהֶ֖ם</w>
        <w>קָדִ֑ימָה</w>
        <w>וַיֶּאֱסֹ֥ף</w>
        <w>כַּח֖וֹל</w>
        <w>שֶֽׁבִי׃</w>
      </v>
      <v n="10">
        <w>וְהוּא֙</w>
        <w>בַּמְּלָכִ֣ים</w>
        <w>יִתְקַלָּ֔ס</w>
        <w>וְרֹזְנִ֖ים</w>
        <w>מִשְׂחָ֣ק</w>
        <w>ל֑וֹ</w>
        <w>ה֚וּא</w>
        <w>לְכָל־</w>
        <w>מִבְצָ֣ר</w>
        <w>יִשְׂחָ֔ק</w>
        <w>וַיִּצְבֹּ֥ר</w>
        <w>עָפָ֖ר</w>
        <w>וַֽיִּלְכְּדָֽהּ׃</w>
      </v>
      <v n="11">
        <w>אָ֣ז</w>
        <w>חָלַ֥ף</w>
        <w>ר֛וּחַ</w>
        <w>וַֽיַּעֲבֹ֖ר</w>
        <w>וְאָשֵׁ֑ם</w>
        <w>ז֥וּ</w>
        <w>כֹח֖וֹ</w>
        <w>לֵאלֹהֽוֹ׃</w>
      </v>
      <v n="12">
        <w>הֲל֧וֹא</w>
        <w>אַתָּ֣ה</w>
        <w>מִקֶּ֗דֶם</w>
        <w>יְהוָ֧ה</w>
        <w>אֱלֹהַ֛י</w>
        <w>קְדֹשִׁ֖י</w>
        <w>לֹ֣א</w>
        <w>נָמ֑וּת</w>
        <w>יְהוָה֙</w>
        <w>לְמִשְׁפָּ֣ט</w>
        <w>שַׂמְתּ֔וֹ</w>
        <w>וְצ֖וּר</w>
        <w>לְהוֹכִ֥יחַ</w>
        <w>יְסַדְתּֽוֹ׃</w>
      </v>
      <v n="13">
        <w>טְה֤וֹר</w>
        <w>עֵינַ֙יִם֙</w>
        <w>מֵרְא֣וֹת</w>
        <w>רָ֔ע</w>
        <w>וְהַבִּ֥יט</w>
        <w>אֶל־</w>
        <w>עָמָ֖ל</w>
        <w>לֹ֣א</w>
        <w>תוּכָ֑ל</w>
        <w>לָ֤מָּה</w>
        <w>תַבִּיט֙</w>
        <w>בּֽוֹגְדִ֔ים</w>
        <w>תַּחֲרִ֕ישׁ</w>
        <w>בְּבַלַּ֥ע</w>
        <w>רָשָׁ֖ע</w>
        <w>צַדִּ֥יק</w>
        <w>מִמֶּֽנּוּ׃</w>
      </v>
      <v n="14">
        <w>וַתַּעֲשֶׂ֥ה</w>
        <w>אָדָ֖ם</w>
        <w>כִּדְגֵ֣י</w>
        <w>הַיָּ֑ם</w>
        <w>כְּרֶ֖מֶשׂ</w>
        <w>לֹא־</w>
        <w>מֹשֵׁ֥ל</w>
        <w>בּֽוֹ׃</w>
      </v>
      <v n="15">
        <w>כֻּלֹּה֙</w>
        <w>בְּחַכָּ֣ה</w>
        <w>הֵֽעֲלָ֔ה</w>
        <w>יְגֹרֵ֣הוּ</w>
        <w>בְחֶרְמ֔וֹ</w>
        <w>וְיַאַסְפֵ֖הוּ</w>
        <w>בְּמִכְמַרְתּ֑וֹ</w>
        <w>עַל־</w>
        <w>כֵּ֖ן</w>
        <w>יִשְׂמַ֥ח</w>
        <w>וְיָגִֽיל׃</w>
      </v>
      <v n="16">
        <w>עַל־</w>
        <w>כֵּן֙</w>
        <w>יְזַבֵּ֣חַ</w>
        <w>לְחֶרְמ֔וֹ</w>
        <w>וִֽיקַטֵּ֖ר</w>
        <w>לְמִכְמַרְתּ֑וֹ</w>
        <w>כִּ֤י</w>
        <w>בָהֵ֙מָּה֙</w>
        <w>שָׁמֵ֣ן</w>
        <w>חֶלְק֔וֹ</w>
        <w>וּמַאֲכָל֖וֹ</w>
        <w>בְּרִאָֽה׃</w>
      </v>
      <v n="17">
        <w>הַ֥עַל</w>
        <w>כֵּ֖ן</w>
        <w>יָרִ֣יק</w>
        <w>חֶרְמ֑וֹ</w>
        <w>וְתָמִ֛יד</w>
        <w>לַהֲרֹ֥ג</w>
        <w>גּוֹיִ֖ם</w>
        <w>לֹ֥א</w>
        <w>יַחְמֽוֹל׃</w>
        <samekh/>
      </v>
      <vs>17</vs>
    </c>
    <c n="2">
      <v n="1">
        <w>עַל־</w>
        <w>מִשְׁמַרְתִּ֣י</w>
        <w>אֶעֱמֹ֔דָה</w>
        <w>וְאֶֽתְיַצְּבָ֖ה</w>
        <w>עַל־</w>
        <w>מָצ֑וֹר</w>
        <w>וַאֲצַפֶּ֗ה</w>
        <w>לִרְאוֹת֙</w>
        <w>מַה־</w>
        <w>יְדַבֶּר־</w>
        <w>בִּ֔י</w>
        <w>וּמָ֥ה</w>
        <w>אָשִׁ֖יב</w>
        <w>עַל־</w>
        <w>תּוֹכַחְתִּֽי׃</w>
      </v>
      <v n="2">
        <w>וַיַּעֲנֵ֤נִי</w>
        <w>יְהוָה֙</w>
        <w>וַיֹּ֔אמֶר</w>
        <w>כְּת֣וֹב</w>
        <w>חָז֔וֹן</w>
        <w>וּבָאֵ֖ר</w>
        <w>עַל־</w>
        <w>הַלֻּח֑וֹת</w>
        <w>לְמַ֥עַן</w>
        <w>יָר֖וּץ</w>
        <w>ק֥וֹרֵא</w>
        <w>בֽוֹ׃</w>
      </v>
      <v n="3">
        <w>כִּ֣י</w>
        <w>ע֤וֹד</w>
        <w>חָזוֹן֙</w>
        <w>לַמּוֹעֵ֔ד</w>
        <w>וְיָפֵ֥חַ</w>
        <w>לַקֵּ֖ץ</w>
        <w>וְלֹ֣א</w>
        <w>יְכַזֵּ֑ב</w>
        <w>אִם־</w>
        <w>יִתְמַהְמָהּ֙</w>
        <w>חַכֵּה־</w>
        <w>ל֔וֹ</w>
        <w>כִּֽי־</w>
        <w>בֹ֥א</w>
        <w>יָבֹ֖א</w>
        <w>לֹ֥א</w>
        <w>יְאַחֵֽר׃</w>
      </v>
      <v n="4">
        <w>הִנֵּ֣ה</w>
        <w>עֻפְּלָ֔ה</w>
        <w>לֹא־</w>
        <w>יָשְׁרָ֥ה</w>
        <w>נַפְשׁ֖וֹ</w>
        <w>בּ֑וֹ</w>
        <w>וְצַדִּ֖יק</w>
        <w>בֶּאֱמוּנָת֥וֹ</w>
        <w>יִחְיֶֽה׃</w>
      </v>
      <v n="5">
        <w>וְאַף֙</w>
        <w>כִּֽי־</w>
        <w>הַיַּ֣יִן</w>
        <w>בּוֹגֵ֔ד</w>
        <w>גֶּ֥בֶר</w>
        <w>יָהִ֖יר</w>
        <w>וְלֹ֣א</w>
        <w>יִנְוֶ֑ה</w>
        <w>אֲשֶׁר֩</w>
        <w>הִרְחִ֨יב</w>
        <w>כִּשְׁא֜וֹל</w>
        <w>נַפְשׁ֗וֹ</w>
        <w>וְה֤וּא</w>
        <w>כַמָּ֙וֶת֙</w>
        <w>וְלֹ֣א</w>
        <w>יִשְׂבָּ֔ע</w>
        <w>וַיֶּאֱסֹ֤ף</w>
        <w>אֵלָיו֙</w>
        <w>כָּל־</w>
        <w>הַגּוֹיִ֔ם</w>
        <w>וַיִּקְבֹּ֥ץ</w>
        <w>אֵלָ֖יו</w>
        <w>כָּל־</w>
        <w>הָעַמִּֽים׃</w>
      </v>
      <v n="6">
        <w>הֲלוֹא־</w>
        <w>אֵ֣לֶּה</w>
        <w>כֻלָּ֗ם</w>
        <w>עָלָיו֙</w>
        <w>מָשָׁ֣ל</w>
        <w>יִשָּׂ֔אוּ</w>
        <w>וּמְלִיצָ֖ה</w>
        <w>חִיד֣וֹת</w>
        <w>ל֑וֹ</w>
        <w>וְיֹאמַ֗ר</w>
        <w>ה֚וֹי</w>
        <w>הַמַּרְבֶּ֣ה</w>
        <w>לֹּא־</w>
        <w>ל֔וֹ</w>
        <w>עַד־</w>
        <w>מָתַ֕י</w>
        <w>וּמַכְבִּ֥יד</w>
        <w>עָלָ֖יו</w>
        <w>עַבְטִֽיט׃</w>
      </v>
      <v n="7">
        <w>הֲל֣וֹא</w>
        <w>פֶ֗תַע</w>
        <w>יָק֙וּמוּ֙</w>
        <w>נֹשְׁכֶ֔יךָ</w>
        <w>וְיִקְצ֖וּ</w>
        <w>מְזַעְזְעֶ֑יךָ</w>
        <w>וְהָיִ֥יתָ</w>
        <w>לִמְשִׁסּ֖וֹת</w>
        <w>לָֽמוֹ׃</w>
      </v>
      <v n="8">
        <w>כִּֽי</w>
        <w>אַתָּ֤ה</w>
        <w>שַׁלּ֙וֹתָ֙</w>
        <w>גּוֹיִ֣ם</w>
        <w>רַבִּ֔ים</w>
        <w>יְשָׁלּ֖וּךָ</w>
        <w>כָּל־</w>
        <w>יֶ֣תֶר</w>
        <w>עַמִּ֑ים</w>
        <w>מִדְּמֵ֤י</w>
        <w>אָדָם֙</w>
        <w>וַחֲמַס־</w>
        <w>אֶ֔רֶץ</w>
        <w>קִרְיָ֖ה</w>
        <w>וְכָל־</w>
        <w>יֹ֥שְׁבֵי</w>
        <w>בָֽהּ׃</w>
        <pe/>
      </v>
      <v n="9">
        <w>ה֗וֹי</w>
        <w>בֹּצֵ֛עַ</w>
        <w>בֶּ֥צַע</w>
        <w>רָ֖ע</w>
        <w>לְבֵית֑וֹ</w>
        <w>לָשׂ֤וּם</w>
        <w>בַּמָּרוֹם֙</w>
        <w>קִנּ֔וֹ</w>
        <w>לְהִנָּצֵ֖ל</w>
        <w>מִכַּף־</w>
        <w>רָֽע׃</w>
      </v>
      <v n="10">
        <w>יָעַ֥צְתָּ</w>
        <w>בֹּ֖שֶׁת</w>
        <w>לְבֵיתֶ֑ךָ</w>
        <w>קְצוֹת־</w>
        <w>עַמִּ֥ים</w>
        <w>רַבִּ֖ים</w>
        <w>וְחוֹטֵ֥א</w>
        <w>נַפְשֶֽׁךָ׃</w>
      </v>
      <v n="11">
        <w>כִּי־</w>
        <w>אֶ֖בֶן</w>
        <w>מִקִּ֣יר</w>
        <w>תִּזְעָ֑ק</w>
        <w>וְכָפִ֖יס</w>
        <w>מֵעֵ֥ץ</w>
        <w>יַעֲנֶֽנָּה׃</w>
        <pe/>
      </v>
      <v n="12">
        <w>ה֛וֹי</w>
        <w>בֹּנֶ֥ה</w>
        <w>עִ֖יר</w>
        <w>בְּדָמִ֑ים</w>
        <w>וְכוֹנֵ֥ן</w>
        <w>קִרְיָ֖ה</w>
        <w>בְּעַוְלָֽה׃</w>
      </v>
      <v n="13">
        <w>הֲל֣וֹא</w>
        <w>הִנֵּ֔ה</w>
        <w>מֵאֵ֖ת</w>
        <w>יְהוָ֣ה</w>
        <w>צְבָא֑וֹת</w>
        <w>וְיִֽיגְע֤וּ</w>
        <w>עַמִּים֙</w>
        <w>בְּדֵי־</w>
        <w>אֵ֔שׁ</w>
        <w>וּלְאֻמִּ֖ים</w>
        <w>בְּדֵי־</w>
        <w>רִ֥יק</w>
        <w>יִעָֽפוּ׃</w>
      </v>
      <v n="14">
        <w>כִּ֚י</w>
        <w>תִּמָּלֵ֣א</w>
        <w>הָאָ֔רֶץ</w>
        <w>לָדַ֖עַת</w>
        <w>אֶת־</w>
        <w>כְּב֣וֹד</w>
        <w>יְהוָ֑ה</w>
        <w>כַּמַּ֖יִם</w>
        <w>יְכַסּ֥וּ</w>
        <w>עַל־</w>
        <w>יָֽם׃</w>
        <samekh/>
      </v>
      <v n="15">
        <w>ה֚וֹי</w>
        <w>מַשְׁקֵ֣ה</w>
        <w>רֵעֵ֔הוּ</w>
        <w>מְסַפֵּ֥חַ</w>
        <w>חֲמָתְךָ֖</w>
        <w>וְאַ֣ף</w>
        <w>שַׁכֵּ֑ר</w>
        <w>לְמַ֥עַן</w>
        <w>הַבִּ֖יט</w>
        <w>עַל־</w>
        <w>מְעוֹרֵיהֶֽם׃</w>
      </v>
      <v n="16">
        <w>שָׂבַ֤עְתָּ</w>
        <w>קָלוֹן֙</w>
        <w>מִכָּב֔וֹד</w>
        <w>שְׁתֵ֥ה</w>
        <w>גַם־</w>
        <w>אַ֖תָּה</w>
        <w>וְהֵֽעָרֵ֑ל</w>
        <w>תִּסּ֣וֹב</w>
        <w>עָלֶ֗יךָ</w>
        <w>כּ֚וֹס</w>
        <w>יְמִ֣ין</w>
        <w>יְהוָ֔ה</w>
        <w>וְקִיקָל֖וֹן</w>
        <w>עַל־</w>
        <w>כְּבוֹדֶֽךָ׃</w>
      </v>
      <v n="17">
        <w>כִּ֣י</w>
        <w>חֲמַ֤ס</w>
        <w>לְבָנוֹן֙</w>
        <w>יְכַסֶּ֔ךָּ</w>
        <w>וְשֹׁ֥ד</w>
        <w>בְּהֵמ֖וֹת</w>
        <w>יְחִיתַ֑ן</w>
        <w>מִדְּמֵ֤י</w>
        <w>אָדָם֙</w>
        <w>וַחֲמַס־</w>
        <w>אֶ֔רֶץ</w>
        <w>קִרְיָ֖ה</w>
        <w>וְכָל־</w>
        <w>יֹ֥שְׁבֵי</w>
        <w>בָֽהּ׃</w>
        <samekh/>
      </v>
      <v n="18">
        <w>מָֽה־</w>
        <w>הוֹעִ֣יל</w>
        <w>פֶּ֗סֶל</w>
        <w>כִּ֤י</w>
        <w>פְסָלוֹ֙</w>
        <w>יֹֽצְר֔וֹ</w>
        <w>מַסֵּכָ֖ה</w>
        <w>וּמ֣וֹרֶה</w>
        <w>שָּׁ֑קֶר</w>
        <w>כִּ֣י</w>
        <w>בָטַ֞ח</w>
        <w>יֹצֵ֤ר</w>
        <w>יִצְרוֹ֙</w>
        <w>עָלָ֔יו</w>
        <w>לַעֲשׂ֖וֹת</w>
        <w>אֱלִילִ֥ים</w>
        <w>אִלְּמִֽים׃</w>
        <samekh/>
      </v>
      <v n="19">
        <w>ה֣וֹי</w>
        <w>אֹמֵ֤ר</w>
        <w>לָעֵץ֙</w>
        <w>הָקִ֔יצָה</w>
        <w>ע֖וּרִי</w>
        <w>לְאֶ֣בֶן</w>
        <w>דּוּמָ֑ם</w>
        <w>ה֣וּא</w>
        <w>יוֹרֶ֔ה</w>
        <w>הִנֵּה־</w>
        <w>ה֗וּא</w>
        <w>תָּפוּשׂ֙</w>
        <w>זָהָ֣ב</w>
        <w>וָכֶ֔סֶף</w>
        <w>וְכָל־</w>
        <w>ר֖וּחַ</w>
        <w>אֵ֥ין</w>
        <w>בְּקִרְבּֽוֹ׃</w>
      </v>
      <v n="20">
        <w>וַֽיהוָ֖ה</w>
        <w>בְּהֵיכַ֣ל</w>
        <w>קָדְשׁ֑וֹ</w>
        <w>הַ֥ס</w>
        <w>מִפָּנָ֖יו</w>
        <w>כָּל־</w>
        <w>הָאָֽרֶץ׃</w>
        <pe/>
      </v>
      <vs>20</vs>
    </c>
    <c n="3">
      <v n="1">
        <w>תְּפִלָּ֖ה</w>
        <w>לַחֲבַקּ֣וּק</w>
        <w>הַנָּבִ֑יא</w>
        <w>עַ֖ל</w>
        <w>שִׁגְיֹנֽוֹת׃</w>
      </v>
      <v n="2">
        <w>יְהוָ֗ה</w>
        <w>שָׁמַ֣עְתִּי</w>
        <w>שִׁמְעֲךָ֮</w>
        <w>יָרֵאתִי֒</w>
        <w>יְהוָ֗ה</w>
        <w>פָּֽעָלְךָ֙</w>
        <w>בְּקֶ֤רֶב</w>
        <w>שָׁנִים֙</w>
        <w>חַיֵּ֔יהוּ</w>
        <w>בְּקֶ֥רֶב</w>
        <w>שָׁנִ֖ים</w>
        <w>תּוֹדִ֑יעַ</w>
        <w>בְּרֹ֖גֶז</w>
        <w>רַחֵ֥ם</w>
        <w>תִּזְכּֽוֹר׃</w>
      </v>
      <v n="3">
        <w>אֱל֙וֹהַ֙</w>
        <w>מִתֵּימָ֣ן</w>
        <w>יָב֔וֹא</w>
        <w>וְקָד֥וֹשׁ</w>
        <w>מֵֽהַר־</w>
        <w>פָּארָ֖ן</w>
        <w>סֶ֑לָה</w>
        <w>כִּסָּ֤ה</w>
        <w>שָׁמַ֙יִם֙</w>
        <w>הוֹד֔וֹ</w>
        <w>וּתְהִלָּת֖וֹ</w>
        <w>מָלְאָ֥ה</w>
        <w>הָאָֽרֶץ׃</w>
      </v>
      <v n="4">
        <w>וְנֹ֙גַהּ֙</w>
        <w>כָּא֣וֹר</w>
        <w>תִּֽהְיֶ֔ה</w>
        <w>קַרְנַ֥יִם</w>
        <w>מִיָּד֖וֹ</w>
        <w>ל֑וֹ</w>
        <w>וְשָׁ֖ם</w>
        <w>חֶבְי֥וֹן</w>
        <w>עֻזֹּֽה׃</w>
      </v>
      <v n="5">
        <w>לְפָנָ֖יו</w>
        <w>יֵ֣לֶךְ</w>
        <w>דָּ֑בֶר</w>
        <w>וְיֵצֵ֥א</w>
        <w>רֶ֖שֶׁף</w>
        <w>לְרַגְלָֽיו׃</w>
      </v>
      <v n="6">
        <w>עָמַ֣ד ׀</w>
        <w>וַיְמֹ֣דֶד</w>
        <w>אֶ֗רֶץ</w>
        <w>רָאָה֙</w>
        <w>וַיַּתֵּ֣ר</w>
        <w>גּוֹיִ֔ם</w>
        <w>וַיִּתְפֹּֽצְצוּ֙</w>
        <w>הַרְרֵי־</w>
        <w>עַ֔ד</w>
        <w>שַׁח֖וּ</w>
        <w>גִּבְע֣וֹת</w>
        <w>עוֹלָ֑ם</w>
        <w>הֲלִיכ֥וֹת</w>
        <w>עוֹלָ֖ם</w>
        <w>לֽוֹ׃</w>
      </v>
      <v n="7">
        <w>תַּ֣חַת</w>
        <w>אָ֔וֶן</w>
        <w>רָאִ֖יתִי</w>
        <w>אָהֳלֵ֣י</w>
        <w>כוּשָׁ֑ן</w>
        <w>יִרְגְּז֕וּן</w>
        <w>יְרִיע֖וֹת</w>
        <w>אֶ֥רֶץ</w>
        <w>מִדְיָֽן׃</w>
        <samekh/>
      </v>
      <v n="8">
        <w>הֲבִנְהָרִים֙</w>
        <w>חָרָ֣ה</w>
        <w>יְהוָ֔ה</w>
        <w>אִ֤ם</w>
        <w>בַּנְּהָרִים֙</w>
        <w>אַפֶּ֔ךָ</w>
        <w>אִם־</w>
        <w>בַּיָּ֖ם</w>
        <w>עֶבְרָתֶ֑ךָ</w>
        <w>כִּ֤י</w>
        <w>תִרְכַּב֙</w>
        <w>עַל־</w>
        <w>סוּסֶ֔יךָ</w>
        <w>מַרְכְּבֹתֶ֖יךָ</w>
        <w>יְשׁוּעָֽה׃</w>
      </v>
      <v n="9">
        <w>עֶרְיָ֤ה</w>
        <w>תֵעוֹר֙</w>
        <w>קַשְׁתֶּ֔ךָ</w>
        <w>שְׁבֻע֥וֹת</w>
        <w>מַטּ֖וֹת</w>
        <w>אֹ֣מֶר</w>
        <w>סֶ֑לָה</w>
        <w>נְהָר֖וֹת</w>
        <w>תְּבַקַּע־</w>
        <w>אָֽרֶץ׃</w>
      </v>
      <v n="10">
        <w>רָא֤וּךָ</w>
        <w>יָחִ֙ילוּ֙</w>
        <w>הָרִ֔ים</w>
        <w>זֶ֥רֶם</w>
        <w>מַ֖יִם</w>
        <w>עָבָ֑ר</w>
        <w>נָתַ֤ן</w>
        <w>תְּהוֹם֙</w>
        <w>קוֹל֔וֹ</w>
        <w>ר֖וֹם</w>
        <w>יָדֵ֥יהוּ</w>
        <w>נָשָֽׂא׃</w>
      </v>
      <v n="11">
        <w>שֶׁ֥מֶשׁ</w>
        <w>יָרֵ֖חַ</w>
        <w>עָ֣מַד</w>
        <w>זְבֻ֑לָה</w>
        <w>לְא֤וֹר</w>
        <w>חִצֶּ֙יךָ֙</w>
        <w>יְהַלֵּ֔כוּ</w>
        <w>לְנֹ֖גַהּ</w>
        <w>בְּרַ֥ק</w>
        <w>חֲנִיתֶֽךָ׃</w>
      </v>
      <v n="12">
        <w>בְּזַ֖עַם</w>
        <w>תִּצְעַד־</w>
        <w>אָ֑רֶץ</w>
        <w>בְּאַ֖ף</w>
        <w>תָּד֥וּשׁ</w>
        <w>גּוֹיִֽם׃</w>
      </v>
      <v n="13">
        <w>יָצָ֙אתָ֙</w>
        <w>לְיֵ֣שַׁע</w>
        <w>עַמֶּ֔ךָ</w>
        <w>לְיֵ֖שַׁע</w>
        <w>אֶת־</w>
        <w>מְשִׁיחֶ֑ךָ</w>
        <w>מָחַ֤צְתָּ</w>
        <w>רֹּאשׁ֙</w>
        <w>מִבֵּ֣ית</w>
        <w>רָשָׁ֔ע</w>
        <w>עָר֛וֹת</w>
        <w>יְס֥וֹד</w>
        <w>עַד־</w>
        <w>צַוָּ֖אר</w>
        <w>סֶֽלָה׃</w>
        <pe/>
      </v>
      <v n="14">
        <w>נָקַ֤בְתָּ</w>
        <w>בְמַטָּיו֙</w>
        <w>רֹ֣אשׁ</w>
        <k>פרזו</k>
        <q>פְּרָזָ֔יו</q>
        <w>יִסְעֲר֖וּ</w>
        <w>לַהֲפִיצֵ֑נִי</w>
        <w>עֲלִ֣יצֻתָ֔ם</w>
        <w>כְּמוֹ־</w>
        <w>לֶאֱכֹ֥ל</w>
        <w>עָנִ֖י</w>
        <w>בַּמִּסְתָּֽר׃</w>
      </v>
      <v n="15">
        <w>דָּרַ֥כְתָּ</w>
        <w>בַיָּ֖ם</w>
        <w>סוּסֶ֑יךָ</w>
        <w>חֹ֖מֶר</w>
        <w>מַ֥יִם</w>
        <w>רַבִּֽים׃</w>
      </v>
      <v n="16">
        <w>שָׁמַ֣עְתִּי ׀</w>
        <w>וַתִּרְגַּ֣ז</w>
        <w>בִּטְנִ֗י</w>
        <w>לְקוֹל֙</w>
        <w>צָלֲל֣וּ</w>
        <w>שְׂפָתַ֔י</w>
        <w>יָב֥וֹא</w>
        <w>רָקָ֛ב</w>
        <w>בַּעֲצָמַ֖י</w>
        <w>וְתַחְתַּ֣י</w>
        <w>אֶרְגָּ֑ז</w>
        <w>אֲשֶׁ֤ר</w>
        <w>אָנ֙וּחַ֙</w>
        <w>לְי֣וֹם</w>
        <w>צָרָ֔ה</w>
        <w>לַעֲל֖וֹת</w>
        <w>לְעַ֥ם</w>
        <w>יְגוּדֶֽנּוּ׃</w>
      </v>
      <v n="17">
        <w>כִּֽי־</w>
        <w>תְאֵנָ֣ה</w>
        <w>לֹֽא־</w>
        <w>תִפְרָ֗ח</w>
        <w>וְאֵ֤ין</w>
        <w>יְבוּל֙</w>
        <w>בַּגְּפָנִ֔ים</w>
        <w>כִּחֵשׁ֙</w>
        <w>מַעֲשֵׂה־</w>
        <w>זַ֔יִת</w>
        <w>וּשְׁדֵמ֖וֹת</w>
        <w>לֹא־</w>
        <w>עָ֣שָׂה</w>
        <w>אֹ֑כֶל</w>
        <w>גָּזַ֤ר</w>
        <w>מִמִּכְלָה֙</w>
        <w>צֹ֔אן</w>
        <w>וְאֵ֥ין</w>
        <w>בָּקָ֖ר</w>
        <w>בָּרְפָתִֽים׃</w>
      </v>
      <v n="18">
        <w>וַאֲנִ֖י</w>
        <w>בַּיהוָ֣ה</w>
        <w>אֶעְל֑וֹזָה</w>
        <w>אָגִ֖ילָה</w>
        <w>בֵּאלֹהֵ֥י</w>
        <w>יִשְׁעִֽי׃</w>
      </v>
      <v n="19">
        <w>יְהוִ֤הּ</w>
        <w>אֲדֹנָי֙</w>
        <w>חֵילִ֔י</w>
        <w>וַיָּ֤שֶׂם</w>
        <w>רַגְלַי֙</w>
        <w>כָּֽאַיָּל֔וֹת</w>
        <w>וְעַ֥ל</w>
        <w>בָּמוֹתַ֖י</w>
        <w>יַדְרִכֵ֑נִי</w>
        <w>לַמְנַצֵּ֖חַ</w>
        <w>בִּנְגִינוֹתָֽי׃</w>
      </v>
      <vs>19</vs>
    </c>
    <vs>56</vs>
    <cs>3</cs>
  </book>
</tanach>
<notes>
  <note>
    <code>4</code>
    <gccode>4</gccode>
    <note>Puncta extraordinaria -- an x05c4 is used to mark such marks in the text when they are above the line and an x05c5 when they are below the line. </note>
  </note>
  <note>
    <code>5</code>
    <gccode>5</gccode>
    <note>Large letter(s). Shown as large letters.</note>
  </note>
  <note>
    <code>6</code>
    <gccode>6</gccode>
    <note>Small letter(s). Shown as small letters.</note>
  </note>
  <note>
    <code>7</code>
    <gccode>7</gccode>
    <note>Suspended letter(s). Shown as suspended letters.</note>
  </note>
  <note>
    <code>8</code>
    <gccode>8</gccode>
    <note>Inverted nun in the text.</note>
  </note>
  <note>
    <code>c</code>
    <gccode>c</gccode>
    <note>Text is correct relative to LC. Usually this marks a peculiarity of the LC relative to the other Masoretic texts.</note>
  </note>
  <note>
    <code>t</code>
    <gccode>t</gccode>
    <note>Transcription uncertain. Examine the LC image for other possible readings.</note>
  </note>
  <note>
    <code>X</code>
    <gccode>X</gccode>
    <note>This verse does NOT occur in the Leningrad Codex. Included for continuity of verse numbering.</note>
  </note>
</notes>
</Tanach>